row_id,source_cohort,target,held_out_cohort,selected_calibration,knn__probability,knn__prediction,logistic_regression__probability,logistic_regression__prediction,svc__probability,svc__prediction,soft_voting__probability,soft_voting__prediction
cleveland_000,cleveland,0,cleveland,none,0.8244997433203299,1,0.8100963342999717,1,0.857764421363298,1,0.8307868329945333,1
cleveland_001,cleveland,1,cleveland,none,0.9503853559125398,1,0.8878597911077589,1,0.8416935848580522,1,0.893312910626117,1
cleveland_002,cleveland,1,cleveland,none,0.9075307774512069,1,0.9513722207820765,1,0.8705846366664273,1,0.9098292116332369,1
cleveland_003,cleveland,0,cleveland,none,0.36487477902465626,0,0.5192486418494231,1,0.8106582691119159,1,0.5649272299953317,1
cleveland_004,cleveland,0,cleveland,none,0.07388938205068733,0,0.06130651676741655,0,0.05008910471003565,0,0.061761667842713176,0
cleveland_005,cleveland,0,cleveland,none,0.08673471049414704,0,0.14282097728314108,0,0.08460688176771827,0,0.10472085651500214,0
cleveland_006,cleveland,1,cleveland,none,0.790163784793669,1,0.8060114837488584,1,0.7408577102493713,1,0.7790109929306329,1
cleveland_007,cleveland,0,cleveland,none,0.5216042488630753,1,0.5968033310785064,1,0.5795531816717009,1,0.5659869205377609,1
cleveland_008,cleveland,1,cleveland,none,0.9066904483245365,1,0.8389483751079503,1,0.842719541326146,1,0.8627861215862108,1
cleveland_009,cleveland,1,cleveland,none,0.9180362802973748,1,0.9446751494551531,1,0.9072252186296221,1,0.9233122161273833,1
cleveland_010,cleveland,0,cleveland,none,0.5920220458307606,1,0.6178618398640506,1,0.6237117750114138,1,0.6111985535687418,1
cleveland_011,cleveland,0,cleveland,none,0.15138267370902653,0,0.1740800103340263,0,0.09587652195761681,0,0.1404464020002232,0
cleveland_012,cleveland,1,cleveland,none,0.5794244527182503,1,0.6464570644549786,1,0.7327654054912768,1,0.6528823075548352,1
cleveland_013,cleveland,0,cleveland,none,0.18139478944156173,0,0.1616362471420686,0,0.17944715300343575,0,0.17415939652902201,0
cleveland_014,cleveland,0,cleveland,none,0.5121589827198529,1,0.4417440702933088,0,0.5532508268112558,1,0.5023846266081392,1
cleveland_015,cleveland,0,cleveland,none,0.3460646969239575,0,0.30380094571052313,0,0.3223264575998743,0,0.3240640334114517,0
cleveland_016,cleveland,1,cleveland,none,0.350922590665946,0,0.3254647636099309,0,0.33871761171335685,0,0.33836832199641126,0
cleveland_017,cleveland,0,cleveland,none,0.4814699315670204,0,0.5610478056637634,1,0.5318452435484661,1,0.52478766025975,1
cleveland_018,cleveland,0,cleveland,none,0.16521769147144094,0,0.1780714701365531,0,0.07968620640697774,0,0.14099178933832393,0
cleveland_019,cleveland,0,cleveland,none,0.05343984588776899,0,0.12743873035823997,0,0.059768966814134475,0,0.08021584768671447,0
cleveland_020,cleveland,0,cleveland,none,0.5818762158837476,1,0.7227610345532629,1,0.6066935996806733,1,0.6371102833725613,1
cleveland_021,cleveland,0,cleveland,none,0.4241473983288105,0,0.36310969101080026,0,0.4261593792606105,0,0.4044721562000737,0
cleveland_022,cleveland,1,cleveland,none,0.16535853283505114,0,0.3154959376089406,0,0.20697253020962608,0,0.22927566688453926,0
cleveland_023,cleveland,1,cleveland,none,0.7261759342173819,1,0.6960311224935163,1,0.7973235622692488,1,0.739843539660049,1
cleveland_024,cleveland,1,cleveland,none,0.8999300465891161,1,0.9262815772503926,1,0.8755041520382623,1,0.9005719252925903,1
cleveland_025,cleveland,0,cleveland,none,0.21637479158432474,0,0.2812818786592037,0,0.1634496484894422,0,0.22036877291099022,0
cleveland_026,cleveland,0,cleveland,none,0.17030398804135966,0,0.19162520857549223,0,0.17568135249293565,0,0.17920351636992918,0
cleveland_027,cleveland,0,cleveland,none,0.6408657767573285,1,0.7272416707616267,1,0.5531274859918686,1,0.640411644503608,1
cleveland_028,cleveland,0,cleveland,none,0.47266159444001404,0,0.4902647456234258,0,0.5664863141343318,1,0.5098042180659239,1
cleveland_029,cleveland,1,cleveland,none,0.9383160799103982,1,0.8608354093360779,1,0.8333874231640984,1,0.8775129708035249,1
cleveland_030,cleveland,0,cleveland,none,0.4557422338072115,0,0.4915289502834516,0,0.4067700496098043,0,0.4513470779001558,0
cleveland_031,cleveland,1,cleveland,none,0.8781300061645126,1,0.8894060235546464,1,0.9140800234509987,1,0.8938720177233859,1
cleveland_032,cleveland,1,cleveland,none,0.22567799091131,0,0.35514413123891475,0,0.35438236781430343,0,0.3117348299881761,0
cleveland_033,cleveland,0,cleveland,none,0.7581768486098182,1,0.7324359733644406,1,0.8079032112154807,1,0.7661720110632464,1
cleveland_034,cleveland,0,cleveland,none,0.2794319367416109,0,0.2481936195144416,0,0.19244675852129053,0,0.240024104925781,0
cleveland_035,cleveland,0,cleveland,none,0.34411206973037844,0,0.2772458074761723,0,0.28102583647089885,0,0.3007945712258165,0
cleveland_036,cleveland,1,cleveland,none,0.93861828874162,1,0.8924570019487006,1,0.8645629309163666,1,0.8985460738688956,1
cleveland_037,cleveland,1,cleveland,none,0.8135442834224692,1,0.8325986452018789,1,0.8724414009118411,1,0.8395281098453964,1
cleveland_038,cleveland,1,cleveland,none,0.9128788194749556,1,0.9240082088714894,1,0.9175642089168791,1,0.9181504124211081,1
cleveland_039,cleveland,0,cleveland,none,0.6747589503376824,1,0.6775912794368065,1,0.7188388533209564,1,0.6903963610318152,1
cleveland_040,cleveland,1,cleveland,none,0.8507797986798883,1,0.7647473893421509,1,0.7377581058728502,1,0.7844284312982964,1
cleveland_041,cleveland,0,cleveland,none,0.7423925830035863,1,0.5602434126727459,1,0.6922231860584541,1,0.6649530605782621,1
cleveland_042,cleveland,0,cleveland,none,0.11380272993244057,0,0.14933723061801799,0,0.2243036037563471,0,0.16248118810226855,0
cleveland_043,cleveland,0,cleveland,none,0.4165684311956675,0,0.4792671559864464,0,0.5161506260517074,1,0.4706620710779405,0
cleveland_044,cleveland,1,cleveland,none,0.4404962989275661,0,0.35237641508540396,0,0.41601997203955615,0,0.4029642286841754,0
cleveland_045,cleveland,1,cleveland,none,0.5977800602452463,1,0.7032903924432226,1,0.7532022401801185,1,0.6847575642895292,1
cleveland_046,cleveland,0,cleveland,none,0.28261055007609404,0,0.29933952045202816,0,0.1435254313014942,0,0.2418251672765388,0
cleveland_047,cleveland,1,cleveland,none,0.9268705222848301,1,0.8810457586603844,1,0.8667516767127578,1,0.8915559858859908,1
cleveland_048,cleveland,0,cleveland,none,0.35791169174188925,0,0.44091978800770726,0,0.48305699065967467,0,0.4272961568030904,0
cleveland_049,cleveland,0,cleveland,none,0.5020114751118204,1,0.4412345215737197,0,0.34931060989184193,0,0.4308522021924606,0
cleveland_050,cleveland,0,cleveland,none,0.0779276673337255,0,0.03903426519444534,0,0.030942075931662996,0,0.04930133615327794,0
cleveland_051,cleveland,0,cleveland,none,0.7793677238570775,1,0.7182633521140659,1,0.7673825329605822,1,0.7550045363105752,1
cleveland_052,cleveland,1,cleveland,none,0.4144916321539627,0,0.377718098278831,0,0.383566487544004,0,0.39192540599226594,0
cleveland_053,cleveland,0,cleveland,none,0.03847771994267553,0,0.05213281366617544,0,0.047061917906333864,0,0.04589081717172827,0
cleveland_054,cleveland,1,cleveland,none,0.8627622483597814,1,0.8805411581223869,1,0.8868741149429684,1,0.8767258404750455,1
cleveland_055,cleveland,1,cleveland,none,0.9110151391154566,1,0.9396042347154748,1,0.8874007405522212,1,0.912673371461051,1
cleveland_056,cleveland,1,cleveland,none,0.4465193600918464,0,0.4580583378353407,0,0.4095795976367255,0,0.43805243185463755,0
cleveland_057,cleveland,1,cleveland,none,0.6474492840785157,1,0.4152837279060062,0,0.5771720461533891,1,0.5466350193793037,1
cleveland_058,cleveland,0,cleveland,none,0.320853007215675,0,0.35587673754401605,0,0.22985603909396718,0,0.3021952612845527,0
cleveland_059,cleveland,0,cleveland,none,0.5100005493203182,1,0.5812500303414456,1,0.41312678531353914,0,0.5014591216584344,1
cleveland_060,cleveland,1,cleveland,none,0.8600281290624155,1,0.8222384579056569,1,0.839097732965135,1,0.8404547733110691,1
cleveland_061,cleveland,0,cleveland,none,0.41761240635974683,0,0.2823819938350115,0,0.2432398130364616,0,0.31441140441040666,0
cleveland_062,cleveland,1,cleveland,none,0.8851300472998667,1,0.9186220328271799,1,0.8775768358691506,1,0.8937763053320658,1
cleveland_063,cleveland,0,cleveland,none,0.20028796724131642,0,0.2038086692421376,0,0.19931526187082074,0,0.20113729945142492,0
cleveland_064,cleveland,1,cleveland,none,0.9135350546260115,1,0.8443912289918782,1,0.8359775719136594,1,0.8646346185105164,1
cleveland_065,cleveland,1,cleveland,none,0.9175541572201744,1,0.9469729468682286,1,0.9010875504287741,1,0.9218715515057258,1
cleveland_066,cleveland,1,cleveland,none,0.48827457928120765,0,0.5810237770037379,1,0.6447677982486945,1,0.5713553848445466,1
cleveland_067,cleveland,0,cleveland,none,0.6266484408056664,1,0.5009160579238418,1,0.5865754720530364,1,0.5713799902608482,1
cleveland_068,cleveland,1,cleveland,none,0.9194416260906548,1,0.9682536652746874,1,0.8719675603244027,1,0.919887617229915,1
cleveland_069,cleveland,1,cleveland,none,0.35954926883120014,0,0.6503756340736295,1,0.8417815777084594,1,0.617235493537763,1
cleveland_070,cleveland,0,cleveland,none,0.38532187277880436,0,0.2916929202160737,0,0.33148930014659683,0,0.33616803104715826,0
cleveland_071,cleveland,1,cleveland,none,0.8623246439659104,1,0.8168507884528664,1,0.9020336839709651,1,0.8604030387965805,1
cleveland_072,cleveland,1,cleveland,none,0.9309834138013113,1,0.955487693412336,1,0.918126399545044,1,0.9348658355862304,1
cleveland_073,cleveland,1,cleveland,none,0.7570017988901013,1,0.6362887846393427,1,0.7725118121134973,1,0.7219341318809804,1
cleveland_074,cleveland,1,cleveland,none,0.36526744755297147,0,0.24716619547296328,0,0.29078819020615077,0,0.3010739444106952,0
cleveland_075,cleveland,0,cleveland,none,0.35611660871947065,0,0.32123590521099055,0,0.4519579364982857,0,0.37643681680958235,0
cleveland_076,cleveland,1,cleveland,none,0.8865517528522872,1,0.9444773522443884,1,0.8966470572492116,1,0.909225387448629,1
cleveland_077,cleveland,0,cleveland,none,0.28930234793618254,0,0.2932760466150765,0,0.2105334395417142,0,0.26437061136432444,0
cleveland_078,cleveland,0,cleveland,none,0.035164279476964655,0,0.09502024534048911,0,0.0510666954565788,0,0.060417073424677524,0
cleveland_079,cleveland,1,cleveland,none,0.8247275457675163,1,0.8672566837137221,1,0.8500152658871707,1,0.847333165122803,1
cleveland_080,cleveland,0,cleveland,none,0.7113742329555748,1,0.8192229558058967,1,0.8004830940357759,1,0.7770267609324158,1
cleveland_081,cleveland,0,cleveland,none,0.43455386543684943,0,0.40982757459751684,0,0.28227597358822587,0,0.3755524712075307,0
cleveland_082,cleveland,0,cleveland,none,0.15236618133205954,0,0.13933635362810506,0,0.1224133671276516,0,0.13803863402927208,0
cleveland_083,cleveland,1,cleveland,none,0.8395762655996857,1,0.8527301266179552,1,0.900361128359171,1,0.8642225068589373,1
cleveland_084,cleveland,0,cleveland,none,0.08534030119857215,0,0.14092233027316933,0,0.08576084653355147,0,0.10400782600176432,0
cleveland_085,cleveland,0,cleveland,none,0.13965966184228384,0,0.12192232872356445,0,0.0836664400861784,0,0.11508281021734224,0
cleveland_086,cleveland,0,cleveland,none,0.15179432044003083,0,0.1776622571612873,0,0.09318927520397988,0,0.14088195093509934,0
cleveland_087,cleveland,0,cleveland,none,0.24984765726635869,0,0.2229495786432929,0,0.16692761878215365,0,0.21324161823060175,0
cleveland_088,cleveland,0,cleveland,none,0.32717552620240636,0,0.24603940677519656,0,0.21215630955139336,0,0.2617904141763321,0
cleveland_089,cleveland,0,cleveland,none,0.18445455474196826,0,0.16292407107997864,0,0.07643115855429863,0,0.14126992812541517,0
cleveland_090,cleveland,0,cleveland,none,0.5200833726081786,1,0.6568326019213129,1,0.6624023447239217,1,0.6131061064178044,1
cleveland_091,cleveland,1,cleveland,none,0.9443140823767419,1,0.9611429774939478,1,0.8337327583955721,1,0.9130632727554207,1
cleveland_092,cleveland,0,cleveland,none,0.6999917746781323,1,0.7277236889906269,1,0.748072464962463,1,0.7252626428770741,1
cleveland_093,cleveland,0,cleveland,none,0.20265659397703178,0,0.11111334150416934,0,0.06177678187200493,0,0.12518223911773535,0
cleveland_094,cleveland,0,cleveland,none,0.24029593709042765,0,0.14079967373687077,0,0.16757865125412444,0,0.18289142069380762,0
cleveland_095,cleveland,1,cleveland,none,0.8444923097240694,1,0.7075803380408948,1,0.8436792768398511,1,0.7985839748682718,1
cleveland_096,cleveland,1,cleveland,none,0.8515312521868872,1,0.875092186715195,1,0.8786904840392912,1,0.8684379743137911,1
cleveland_097,cleveland,1,cleveland,none,0.9197170766321549,1,0.8136760808926772,1,0.799199109415708,1,0.8441974223135134,1
cleveland_098,cleveland,0,cleveland,none,0.03483678907716521,0,0.13687152798230523,0,0.04788048239122187,0,0.0731962664835641,0
cleveland_099,cleveland,0,cleveland,none,0.3881627080200759,0,0.26512755974230423,0,0.32086812997795283,0,0.3247194659134443,0
cleveland_100,cleveland,0,cleveland,none,0.42005935203913347,0,0.2802158246240577,0,0.3665386569998275,0,0.35560461122100623,0
cleveland_101,cleveland,0,cleveland,none,0.24828631903274928,0,0.11808311261062551,0,0.13294722037692672,0,0.16643888400676718,0
cleveland_102,cleveland,0,cleveland,none,0.41890165774972066,0,0.32856928192509005,0,0.33268293907272545,0,0.3600512929158454,0
cleveland_103,cleveland,0,cleveland,none,0.3677341367456528,0,0.3352305658719797,0,0.374488213364735,0,0.35915097199412244,0
cleveland_104,cleveland,1,cleveland,none,0.6884541031729429,1,0.6521198871087438,1,0.6623145056183032,1,0.66762949863333,1
cleveland_105,cleveland,0,cleveland,none,0.23647337475196115,0,0.27518486996713937,0,0.2945971341480021,0,0.26875179295570084,0
cleveland_106,cleveland,1,cleveland,none,0.7163215936010543,1,0.683044359644776,1,0.753885433750092,1,0.7177504623319741,1
cleveland_107,cleveland,1,cleveland,none,0.5803265475187258,1,0.48125320515675113,0,0.4849733311127928,0,0.5155176945960899,1
cleveland_108,cleveland,1,cleveland,none,0.9354128152273228,1,0.9692765412938115,1,0.9343770555444786,1,0.9463554706885375,1
cleveland_109,cleveland,1,cleveland,none,0.808142487034536,1,0.7243208942860454,1,0.8209714451625109,1,0.7844782754943641,1
cleveland_110,cleveland,1,cleveland,none,0.8427655360613958,1,0.8184223815826243,1,0.8046076835035517,1,0.8219318670491905,1
cleveland_111,cleveland,1,cleveland,none,0.7654268489431518,1,0.8082561456972871,1,0.7704653704735432,1,0.7813827883713275,1
cleveland_112,cleveland,0,cleveland,none,0.27989410901277284,0,0.25898856296170386,0,0.3225242278612862,0,0.28713563327858765,0
cleveland_113,cleveland,1,cleveland,none,0.8914524527994724,1,0.9282542698196573,1,0.8786543284243399,1,0.8994536836811565,1
cleveland_114,cleveland,1,cleveland,none,0.7041561883547826,1,0.688086306498893,1,0.6517139825223806,1,0.6813188257920187,1
cleveland_115,cleveland,0,cleveland,none,0.01666090837849342,0,0.15672392044821568,0,0.04114382421206589,0,0.07150955101292499,0
cleveland_116,cleveland,0,cleveland,none,0.3127490551612674,0,0.2403738599484327,0,0.24849314200263797,0,0.26720535237077936,0
cleveland_117,cleveland,0,cleveland,none,0.3594351872161803,0,0.2261722097478466,0,0.3551584631205163,0,0.31358862002818105,0
cleveland_118,cleveland,1,cleveland,none,0.8130342390830675,1,0.9467904902167991,1,0.8531922545686726,1,0.8710056612895131,1
cleveland_119,cleveland,1,cleveland,none,0.9463988945177138,1,0.932305877663051,1,0.8569634305684256,1,0.9118894009163968,1
cleveland_120,cleveland,1,cleveland,none,0.7994096096798886,1,0.7421603404242348,1,0.8492252056956568,1,0.7969317185999266,1
cleveland_121,cleveland,1,cleveland,none,0.914570280228518,1,0.9456284147109095,1,0.8192114883572221,1,0.8931367277655499,1
cleveland_122,cleveland,0,cleveland,none,0.3845587506173186,0,0.5361072860915852,1,0.428396052271771,0,0.44968736299355827,0
cleveland_123,cleveland,1,cleveland,none,0.9261283239795195,1,0.9891932797023274,1,0.9093980235472578,1,0.9415732090763682,1
cleveland_124,cleveland,1,cleveland,none,0.5287101445146233,1,0.6285970275636164,1,0.7048675535484148,1,0.6207249085422181,1
cleveland_125,cleveland,0,cleveland,none,0.018324914803302533,0,0.06368990478550572,0,0.028861751464549865,0,0.03695885701778604,0
cleveland_126,cleveland,1,cleveland,none,0.8854668991167768,1,0.9640742997230546,1,0.8684295124410539,1,0.9059902370936284,1
cleveland_127,cleveland,1,cleveland,none,0.9355611295605462,1,0.9496469671313368,1,0.9388072586321147,1,0.9413384517746658,1
cleveland_128,cleveland,0,cleveland,none,0.084896618157139,0,0.07459555403539467,0,0.03615793728851373,0,0.06521670316034912,0
cleveland_129,cleveland,0,cleveland,none,0.4535414572321113,0,0.31084638182055985,0,0.33015597792813034,0,0.3648479389936005,0
cleveland_130,cleveland,0,cleveland,none,0.5603980257743907,1,0.49773658600949894,0,0.5,1,0.5193782039279632,1
cleveland_131,cleveland,0,cleveland,none,0.6314005341603409,1,0.4885531025519739,0,0.6410866549818655,1,0.5870134305647268,1
cleveland_132,cleveland,0,cleveland,none,0.0758088959352147,0,0.027713416654549544,0,0.08777853329760145,0,0.0637669486291219,0
cleveland_133,cleveland,0,cleveland,none,0.5667863371498886,1,0.4191554067060029,0,0.5,1,0.4953139146186305,0
cleveland_134,cleveland,0,cleveland,none,0.16847258083516725,0,0.1248429994595173,0,0.04071147140929187,0,0.11134235056799213,0
cleveland_135,cleveland,0,cleveland,none,0.07731024976570788,0,0.14381222132113883,0,0.07199684812825816,0,0.09770643973836829,0
cleveland_136,cleveland,1,cleveland,none,0.902573181966885,1,0.9585305872448181,1,0.8553880278831516,1,0.9054972656982848,1
cleveland_137,cleveland,1,cleveland,none,0.6758675810229176,1,0.6250709313670079,1,0.4503292522865439,0,0.5837559215588232,1
cleveland_138,cleveland,1,cleveland,none,0.9272575195370842,1,0.8264588826970936,1,0.887908249976374,1,0.8805415507368505,1
cleveland_139,cleveland,0,cleveland,none,0.4669485664232042,0,0.5546580057177609,1,0.5843694560716163,1,0.5353253427375271,1
cleveland_140,cleveland,0,cleveland,none,0.03444421529155211,0,0.17531189104484993,0,0.11009234383698652,0,0.10661615005779619,0
cleveland_141,cleveland,1,cleveland,none,0.6769656094775651,1,0.5748888368105773,1,0.7395555626914564,1,0.663803336326533,1
cleveland_142,cleveland,0,cleveland,none,0.09415289216907469,0,0.10215284760300036,0,0.08295221798338502,0,0.0930859859184867,0
cleveland_143,cleveland,1,cleveland,none,0.8820480669962701,1,0.8803668854110599,1,0.8607747234558581,1,0.8743965586210627,1
cleveland_144,cleveland,0,cleveland,none,0.7249936807304421,1,0.639105953633122,1,0.684873589636621,1,0.6829910746667284,1
cleveland_145,cleveland,1,cleveland,none,0.20665627288352895,0,0.20888715652605647,0,0.11043284116230394,0,0.1753254235239631,0
cleveland_146,cleveland,1,cleveland,none,0.8969166725411958,1,0.8742537822152654,1,0.8861653214520009,1,0.8857785920694873,1
cleveland_147,cleveland,0,cleveland,none,0.23322641053268278,0,0.1430867186401172,0,0.10043803115854806,0,0.15891705344378268,0
cleveland_148,cleveland,0,cleveland,none,0.035503831466805594,0,0.08851286386283047,0,0.05956243887777859,0,0.061193044735804884,0
cleveland_149,cleveland,0,cleveland,none,0.19342661478639683,0,0.21384695750012267,0,0.19567867852353216,0,0.20098408360335054,0
cleveland_150,cleveland,0,cleveland,none,0.6840488881178135,1,0.7193711928131127,1,0.8181441974863306,1,0.7405214261390856,1
cleveland_151,cleveland,0,cleveland,none,0.4593380393449156,0,0.4229155348904249,0,0.2965996446441681,0,0.3929510729598362,0
cleveland_152,cleveland,0,cleveland,none,0.5200917011979533,1,0.8072752009445132,1,0.6972216292192752,1,0.6748628437872473,1
cleveland_153,cleveland,1,cleveland,none,0.8779442064988693,1,0.8464446762057862,1,0.867569070503092,1,0.8639859844025825,1
cleveland_154,cleveland,1,cleveland,none,0.9404018506922749,1,0.9233890518474563,1,0.7359347293184497,1,0.8665752106193937,1
cleveland_155,cleveland,1,cleveland,none,0.7392442775519841,1,0.9082513018765143,1,0.7101714482301358,1,0.7858890092195446,1
cleveland_156,cleveland,1,cleveland,none,0.8905796447115762,1,0.8409832292651097,1,0.8923870318910293,1,0.8746499686225717,1
cleveland_157,cleveland,1,cleveland,none,0.8046174662362112,1,0.6170017701547433,1,0.7822225576649847,1,0.7346139313519798,1
cleveland_158,cleveland,1,cleveland,none,0.8636598297868828,1,0.7920583124048343,1,0.8428391405857893,1,0.8328524275925021,1
cleveland_159,cleveland,0,cleveland,none,0.6017160769182287,1,0.6586254527826938,1,0.6972981185776161,1,0.6525465494261796,1
cleveland_160,cleveland,0,cleveland,none,0.20792339601696583,0,0.21666103105855014,0,0.28457670940748253,0,0.23638704549433284,0
cleveland_161,cleveland,1,cleveland,none,0.6774318519197887,1,0.7103792495378688,1,0.7532735263524639,1,0.7136948759367071,1
cleveland_162,cleveland,0,cleveland,none,0.27480185395466705,0,0.3051378108285865,0,0.19230380201775787,0,0.25741448893367047,0
cleveland_163,cleveland,0,cleveland,none,0.5644857265652604,1,0.574991015819457,1,0.3930717676316168,0,0.5108495033387781,1
cleveland_164,cleveland,0,cleveland,none,0.2568626491767749,0,0.230522570639107,0,0.18075397969872256,0,0.22271306650486813,0
cleveland_165,cleveland,0,cleveland,none,0.8133392659240624,1,0.6828792178609806,1,0.7996313927486159,1,0.7652832921778864,1
cleveland_166,cleveland,0,cleveland,none,0.19632622003292363,0,0.18333068386328355,0,0.09997146358619997,0,0.15987612249413571,0
cleveland_167,cleveland,0,cleveland,none,0.11331119504754779,0,0.14604750889367132,0,0.125573267437537,0,0.12831065712625203,0
cleveland_168,cleveland,1,cleveland,none,0.8279051960989179,1,0.5931526169443326,1,0.7688850233884659,1,0.7299809454772387,1
cleveland_169,cleveland,0,cleveland,none,0.05642941040789752,0,0.0651486132212925,0,0.016570809719870617,0,0.04604961111635355,0
cleveland_170,cleveland,1,cleveland,none,0.9082654039903849,1,0.9387341377655803,1,0.8911598449496809,1,0.9127197955685488,1
cleveland_171,cleveland,0,cleveland,none,0.8324371660251578,1,0.7642621147909389,1,0.81355565904308,1,0.8034183132863922,1
cleveland_172,cleveland,1,cleveland,none,0.649217012680488,1,0.5343300272248653,1,0.6522416896608882,1,0.6119295765220806,1
cleveland_173,cleveland,0,cleveland,none,0.5638207092183561,1,0.6502063376056032,1,0.5843389173736162,1,0.5994553213991919,1
cleveland_174,cleveland,1,cleveland,none,0.9186220218032689,1,0.8276112985355105,1,0.8553108563604217,1,0.867181392233067,1
cleveland_175,cleveland,1,cleveland,none,0.9465519484867526,1,0.9381203184624852,1,0.9216832339412055,1,0.9354518336301479,1
cleveland_176,cleveland,0,cleveland,none,0.7560051229370557,1,0.7076803776469376,1,0.8732282513726453,1,0.7789712506522127,1
cleveland_177,cleveland,1,cleveland,none,0.8931934241528093,1,0.8890566673316095,1,0.8834807236500118,1,0.8885769383781436,1
cleveland_178,cleveland,0,cleveland,none,0.27616620401291075,0,0.40691563989110163,0,0.42375910721706916,0,0.36894698370702717,0
cleveland_179,cleveland,0,cleveland,none,0.2946181263815849,0,0.22430847307360763,0,0.204487023057602,0,0.24113787417093155,0
cleveland_180,cleveland,1,cleveland,none,0.7794728785588674,1,0.6524601486424584,1,0.7584693216267588,1,0.7301341162760281,1
cleveland_181,cleveland,1,cleveland,none,0.8689882329876829,1,0.8968651482734284,1,0.7912017124690556,1,0.8523516979100556,1
cleveland_182,cleveland,0,cleveland,none,0.3388112419765639,0,0.2259310728093359,0,0.244649446101859,0,0.26979725362925294,0
cleveland_183,cleveland,0,cleveland,none,0.9025079042031835,1,0.9232850933019882,1,0.8727452488497502,1,0.899512748784974,1
cleveland_184,cleveland,1,cleveland,none,0.46062690179186433,0,0.3348270514505728,0,0.44104382342475507,0,0.4121659255557308,0
cleveland_185,cleveland,0,cleveland,none,0.060784115992854576,0,0.0607495069002862,0,0.05715513575909395,0,0.05956291955074491,0
cleveland_186,cleveland,0,cleveland,none,0.4849235175447103,0,0.4636341178920271,0,0.6221519343742902,1,0.5235698566036758,1
cleveland_187,cleveland,1,cleveland,none,0.5133116782016918,1,0.45039944055431475,0,0.5712693561099956,1,0.5116601582886674,1
cleveland_188,cleveland,1,cleveland,none,0.33477013892824614,0,0.14279661491576096,0,0.4604674575956412,0,0.3126780704798828,0
cleveland_189,cleveland,1,cleveland,none,0.7507438206883296,1,0.7683435877299325,1,0.7813776066149073,1,0.7668216716777231,1
cleveland_190,cleveland,0,cleveland,none,0.1768626199985977,0,0.17158417163361742,0,0.07524955031446157,0,0.14123211398222557,0
cleveland_191,cleveland,1,cleveland,none,0.9633089553187365,1,0.9773982622704808,1,0.9486708264817105,1,0.9631260146903093,1
cleveland_192,cleveland,1,cleveland,none,0.8552308607824749,1,0.7757167944851855,1,0.8350331984852108,1,0.8219936179176237,1
cleveland_193,cleveland,1,cleveland,none,0.7931425274839272,1,0.8398992884157832,1,0.7299984116679215,1,0.7876800758558774,1
cleveland_194,cleveland,0,cleveland,none,0.36875275806379826,0,0.45799562616491496,0,0.3154677491764794,0,0.3807387111350642,0
cleveland_195,cleveland,1,cleveland,none,0.7834759266936854,1,0.8483610217446735,1,0.7571985653207456,1,0.7963451712530348,1
cleveland_196,cleveland,0,cleveland,none,0.6298548725609386,1,0.5647889412155951,1,0.7314058930335241,1,0.642016568936686,1
cleveland_197,cleveland,0,cleveland,none,0.4199627710215537,0,0.39298367471220497,0,0.2936049736483107,0,0.36885047312735647,0
cleveland_198,cleveland,0,cleveland,none,0.053533770517133344,0,0.10238767104003858,0,0.04289973930077432,0,0.06627372695264874,0
cleveland_199,cleveland,1,cleveland,none,0.4363839436456275,0,0.39049148124031124,0,0.4323629231542032,0,0.41974611601338063,0
cleveland_200,cleveland,0,cleveland,none,0.32642017417397645,0,0.2536265673244472,0,0.23899073196105472,0,0.27301249115315945,0
cleveland_201,cleveland,0,cleveland,none,0.5507080720552306,1,0.5497000866266484,1,0.7125743424732792,1,0.6043275003850527,1
cleveland_202,cleveland,0,cleveland,none,0.3962648511468663,0,0.35454555374971575,0,0.40777949115309764,0,0.3861966320165599,0
cleveland_203,cleveland,0,cleveland,none,0.4500100650564796,0,0.4708294756601055,0,0.5598517861325348,1,0.4935637756163733,0
cleveland_204,cleveland,0,cleveland,none,0.7377113295353408,1,0.49839620097041115,0,0.7466954345461823,1,0.660934321683978,1
cleveland_205,cleveland,1,cleveland,none,0.8029251460755078,1,0.7488009519110271,1,0.8113011223482613,1,0.7876757401115988,1
cleveland_206,cleveland,1,cleveland,none,0.8910777932103119,1,0.95238461264552,1,0.8983717759090224,1,0.9139447272549514,1
cleveland_207,cleveland,1,cleveland,none,0.8261904141144928,1,0.8189286738500635,1,0.8025970245037486,1,0.8159053708227683,1
cleveland_208,cleveland,0,cleveland,none,0.04975499347313796,0,0.13216460181578293,0,0.05077728376605459,0,0.07756562635165849,0
cleveland_209,cleveland,1,cleveland,none,0.7419780650714476,1,0.6942554651555909,1,0.6842387117990711,1,0.70682408067537,1
cleveland_210,cleveland,0,cleveland,none,0.14072714904088018,0,0.0750706514934379,0,0.04695702170546367,0,0.08758494074659391,0
cleveland_211,cleveland,1,cleveland,none,0.8685203627909673,1,0.8490745736108603,1,0.9376855162898042,1,0.885093484230544,1
cleveland_212,cleveland,0,cleveland,none,0.2269081586179046,0,0.31967709338271083,0,0.2838564115053746,0,0.27681388783532995,0
cleveland_213,cleveland,1,cleveland,none,0.86731309686105,1,0.8304646810922633,1,0.8655044183070986,1,0.8544273987534705,1
cleveland_214,cleveland,1,cleveland,none,0.46686576408292585,0,0.40055810672311876,0,0.42968400124559997,0,0.4323692906838816,0
cleveland_215,cleveland,0,cleveland,none,0.7593467919229278,1,0.6782422046681003,1,0.6885065171456355,1,0.7086985045788877,1
cleveland_216,cleveland,0,cleveland,none,0.07283560350442327,0,0.04406263088971773,0,0.03158868724245102,0,0.04949564054553066,0
cleveland_217,cleveland,0,cleveland,none,0.43730783260598344,0,0.38261714872875735,0,0.2994852197669165,0,0.37313673370055245,0
cleveland_218,cleveland,0,cleveland,none,0.6531679944252062,1,0.7863169339452707,1,0.6439709679563337,1,0.6944852987756036,1
cleveland_219,cleveland,0,cleveland,none,0.4667123709548816,0,0.3802375351364098,0,0.47227618229039814,0,0.4397420294605632,0
cleveland_220,cleveland,0,cleveland,none,0.19516294339718457,0,0.13229769124619165,0,0.11319138706090934,0,0.14688400723476183,0
cleveland_221,cleveland,0,cleveland,none,0.16682765984760378,0,0.12763561360404066,0,0.09044578476476546,0,0.12830301940546998,0
cleveland_222,cleveland,0,cleveland,none,0.19157210460019414,0,0.07092799800226482,0,0.0900772700084357,0,0.1175257908702982,0
cleveland_223,cleveland,1,cleveland,none,0.9673863557079405,1,0.9523764824062562,1,0.9276029555807792,1,0.9491219312316587,1
cleveland_224,cleveland,1,cleveland,none,0.7796751498560721,1,0.7390276061954055,1,0.7138014206910255,1,0.7441680589141676,1
cleveland_225,cleveland,0,cleveland,none,0.1144730730266805,0,0.03543467907879357,0,0.06692475920513818,0,0.07227750377020409,0
cleveland_226,cleveland,0,cleveland,none,0.45066369409168017,0,0.3988170930346121,0,0.3691280458179481,0,0.4062029443147468,0
cleveland_227,cleveland,0,cleveland,none,0.25984182400897926,0,0.1886124537960103,0,0.2983071000124933,0,0.2489204592724943,0
cleveland_228,cleveland,1,cleveland,none,0.6028800171211981,1,0.6705788165764103,1,0.6310663892636625,1,0.6348417409870903,1
cleveland_229,cleveland,1,cleveland,none,0.661751849737102,1,0.6520071805980485,1,0.638145676042395,1,0.6506349021258485,1
cleveland_230,cleveland,0,cleveland,none,0.18788583376325566,0,0.11679680562515264,0,0.06016489971764796,0,0.12161584636868543,0
cleveland_231,cleveland,1,cleveland,none,0.8731603306689035,1,0.9058675553467466,1,0.8678222737276159,1,0.8822833865810886,1
cleveland_232,cleveland,1,cleveland,none,0.20340236616566185,0,0.24665348304494336,0,0.09755244237546415,0,0.18253609719535646,0
cleveland_233,cleveland,0,cleveland,none,0.2885689669956595,0,0.26208962597463337,0,0.2577984008390729,0,0.2694856646031219,0
cleveland_234,cleveland,0,cleveland,none,0.22073315850921427,0,0.11473757138294025,0,0.1041076814829483,0,0.1465261371250343,0
cleveland_235,cleveland,1,cleveland,none,0.8950978331161308,1,0.9241608990323966,1,0.8268871839622122,1,0.8820486387035799,1
cleveland_236,cleveland,1,cleveland,none,0.8998557557870167,1,0.9558221029490511,1,0.8846651319334907,1,0.9134476635565195,1
cleveland_237,cleveland,1,cleveland,none,0.8250690902501077,1,0.6537755132663086,1,0.734279837609029,1,0.7377081470418151,1
cleveland_238,cleveland,0,cleveland,none,0.03261324804463632,0,0.08109303633971311,0,0.0239062285824997,0,0.04587083765561637,0
cleveland_239,cleveland,0,cleveland,none,0.039274133687962204,0,0.0992325430653532,0,0.05507346455170027,0,0.06452671376833856,0
cleveland_240,cleveland,0,cleveland,none,0.07730085570394797,0,0.08737916430531156,0,0.0461625638217204,0,0.0702808612769933,0
cleveland_241,cleveland,0,cleveland,none,0.05472431347127273,0,0.05879815091383831,0,0.03333551095743517,0,0.0489526584475154,0
cleveland_242,cleveland,0,cleveland,none,0.44031031080800775,0,0.2759013953847284,0,0.25818664907582434,0,0.32479945175618685,0
cleveland_243,cleveland,1,cleveland,none,0.4177510948233715,0,0.7280418911776374,1,0.6896467106084698,1,0.6118132322031596,1
cleveland_244,cleveland,0,cleveland,none,0.3255693715451884,0,0.30726331179301003,0,0.2817154987870415,0,0.30484939404174666,0
cleveland_245,cleveland,1,cleveland,none,0.747959061533633,1,0.8564630621037667,1,0.7925083240157909,1,0.7989768158843967,1
cleveland_246,cleveland,1,cleveland,none,0.7904019268494393,1,0.6561285882282047,1,0.8471870865237916,1,0.7645725338671453,1
cleveland_247,cleveland,1,cleveland,none,0.6761455289997573,1,0.7595974591551471,1,0.6776375110749447,1,0.7044601664099498,1
cleveland_248,cleveland,1,cleveland,none,0.8093634678367827,1,0.6597038804718116,1,0.7854100372072861,1,0.7514924618386267,1
cleveland_249,cleveland,0,cleveland,none,0.1783554647105444,0,0.17672346453619128,0,0.12059197966306454,0,0.15855696963660007,0
cleveland_250,cleveland,0,cleveland,none,0.9033390012769611,1,0.8627838563244463,1,0.9108369336566672,1,0.8923199304193582,1
cleveland_251,cleveland,1,cleveland,none,0.9100896804301045,1,0.9064692179058185,1,0.873828815357731,1,0.8967959045645514,1
cleveland_252,cleveland,0,cleveland,none,0.9394523263852176,1,0.903256969851645,1,0.9294585963880918,1,0.9240559642083181,1
cleveland_253,cleveland,0,cleveland,none,0.1673271554387189,0,0.1804240662211629,0,0.09824082226845329,0,0.14866401464277837,0
cleveland_254,cleveland,0,cleveland,none,0.3967398330083353,0,0.5513585250145511,1,0.6368667592855926,1,0.528321705769493,1
cleveland_255,cleveland,0,cleveland,none,0.15473671512005727,0,0.10176499329795544,0,0.03831687335162088,0,0.09827286058987784,0
cleveland_256,cleveland,0,cleveland,none,0.4938247178027972,0,0.4540884449416491,0,0.4625956680451951,0,0.4701696102632138,0
cleveland_257,cleveland,0,cleveland,none,0.4834251965847623,0,0.47845621879680167,0,0.5917012272262988,1,0.5178608808692876,1
cleveland_258,cleveland,0,cleveland,none,0.20557018109842298,0,0.17218376402819152,0,0.23939059754781347,0,0.20571484755814265,0
cleveland_259,cleveland,1,cleveland,none,0.33375044533695264,0,0.31681916527476495,0,0.22058413622092216,0,0.2903845822775466,0
cleveland_260,cleveland,0,cleveland,none,0.1969108509314399,0,0.17160155573155583,0,0.05607678393500083,0,0.14152973019933218,0
cleveland_261,cleveland,1,cleveland,none,0.11188030196003494,0,0.1252555775463885,0,0.10681818570269554,0,0.11465135506970632,0
cleveland_262,cleveland,0,cleveland,none,0.3230935505602404,0,0.27214904217301433,0,0.27230142270990043,0,0.2891813384810517,0
cleveland_263,cleveland,0,cleveland,none,0.1754095190045086,0,0.15546995599445787,0,0.0771600116781411,0,0.1360131622257025,0
cleveland_264,cleveland,1,cleveland,none,0.9030738071005586,1,0.911361239320089,1,0.8274790659886967,1,0.8806380374697814,1
cleveland_265,cleveland,1,cleveland,none,0.8812923539813143,1,0.874799738202387,1,0.9108928090789298,1,0.8889949670875437,1
cleveland_266,cleveland,1,cleveland,none,0.7835346774410241,1,0.8057651291455671,1,0.8789409000276077,1,0.822746902204733,1
cleveland_267,cleveland,1,cleveland,none,0.6536562036206146,1,0.7540060876459823,1,0.8455192391479223,1,0.751060510138173,1
cleveland_268,cleveland,1,cleveland,none,0.638233012605531,1,0.416482212498673,0,0.5522106255047126,1,0.5356419502029722,1
cleveland_269,cleveland,0,cleveland,none,0.15425561175551245,0,0.1507267874311827,0,0.05652079978451213,0,0.12050106632373575,0
cleveland_270,cleveland,1,cleveland,none,0.8512905169063518,1,0.8799283055352498,1,0.8238836624597311,1,0.8517008283004442,1
cleveland_271,cleveland,0,cleveland,none,0.8262137146282853,1,0.8186153614804055,1,0.8333522980661029,1,0.8260604580582646,1
cleveland_272,cleveland,1,cleveland,none,0.93242833825219,1,0.9236664007762363,1,0.9303918759103584,1,0.9288288716462615,1
cleveland_273,cleveland,0,cleveland,none,0.5109297935034243,1,0.6736913243346568,1,0.5277822097533451,1,0.570801109197142,1
cleveland_274,cleveland,1,cleveland,none,0.21692237570949544,0,0.37390407649318425,0,0.2615277747936745,0,0.2841180756654514,0
cleveland_275,cleveland,0,cleveland,none,0.6796690329280285,1,0.6140087669981511,1,0.7401612158255598,1,0.6779463385839132,1
cleveland_276,cleveland,0,cleveland,none,0.2986624072368776,0,0.23599315407898389,0,0.320645610047576,0,0.28510039045447916,0
cleveland_277,cleveland,0,cleveland,none,0.13231392628690058,0,0.11720070581863597,0,0.032611450159522375,0,0.09404202742168631,0
cleveland_278,cleveland,1,cleveland,none,0.03653213557526928,0,0.09660647343572486,0,0.07890118073428153,0,0.07067992991509188,0
cleveland_279,cleveland,0,cleveland,none,0.4016667699671218,0,0.4818138317153307,0,0.32928511064805227,0,0.4042552374435016,0
cleveland_280,cleveland,1,cleveland,none,0.9409432622925931,1,0.9643720556552813,1,0.9317945620017156,1,0.94570329331653,1
cleveland_281,cleveland,0,cleveland,none,0.2191496597240723,0,0.1640747560647098,0,0.09663941158583768,0,0.15995460912487325,0
cleveland_282,cleveland,1,cleveland,none,0.8280236204751613,1,0.8563006257976205,1,0.7944824775529408,1,0.8262689079419075,1
cleveland_283,cleveland,0,cleveland,none,0.11583896010577598,0,0.050294968709458474,0,0.04190855641696488,0,0.06934749507739978,0
cleveland_284,cleveland,1,cleveland,none,0.6720095983379111,1,0.6080390913362295,1,0.6985339141685196,1,0.6595275346142201,1
cleveland_285,cleveland,1,cleveland,none,0.845749289167991,1,0.9608470957601268,1,0.9019792108652654,1,0.9028585319311278,1
cleveland_286,cleveland,1,cleveland,none,0.901194264243483,1,0.8701818674892732,1,0.9020845888405424,1,0.8911535735244329,1
cleveland_287,cleveland,0,cleveland,none,0.21074073826991996,0,0.34589055283169995,0,0.20994079622658293,0,0.2555240291094009,0
cleveland_288,cleveland,0,cleveland,none,0.25819479066790907,0,0.18015521311612848,0,0.16236143033582412,0,0.20023714470662055,0
cleveland_289,cleveland,0,cleveland,none,0.08760131047656754,0,0.15207561055634436,0,0.07783821762230049,0,0.10583837955173746,0
cleveland_290,cleveland,1,cleveland,none,0.6242122118355191,1,0.5793599509567678,1,0.6846489755212498,1,0.6294070461045123,1
cleveland_291,cleveland,0,cleveland,none,0.02178736508905774,0,0.15890731117840173,0,0.09980896443638629,0,0.09350121356794859,0
cleveland_292,cleveland,1,cleveland,none,0.9146273282967444,1,0.8677118942061492,1,0.9160594139457777,1,0.8994662121495572,1
cleveland_293,cleveland,1,cleveland,none,0.8812498119000735,1,0.9505424247926527,1,0.858318342018705,1,0.8967035262371438,1
cleveland_294,cleveland,1,cleveland,none,0.5264843018764186,1,0.5535090993043504,1,0.5365731872504229,1,0.5388555294770639,1
cleveland_295,cleveland,0,cleveland,none,0.1138277060810701,0,0.048423553083608926,0,0.04071379301205956,0,0.0676550173922462,0
cleveland_296,cleveland,1,cleveland,none,0.8856761604407772,1,0.8258397368117933,1,0.8593275316017961,1,0.8569478096181222,1
cleveland_297,cleveland,1,cleveland,none,0.8379097845590504,1,0.7624057517354403,1,0.7974267351842996,1,0.7992474238262636,1
cleveland_298,cleveland,1,cleveland,none,0.8102621631386926,1,0.7005753429473688,1,0.7398499845978896,1,0.7502291635613171,1
cleveland_299,cleveland,1,cleveland,none,0.9418517168698635,1,0.9571404385086795,1,0.9046662197816017,1,0.9345527917200482,1
cleveland_300,cleveland,1,cleveland,none,0.9043957366649027,1,0.8713572440648013,1,0.8181232693853931,1,0.8646254167050323,1
cleveland_301,cleveland,1,cleveland,none,0.05495234505787147,0,0.06834349109940788,0,0.04199602008124033,0,0.05509728541283989,0
cleveland_302,cleveland,0,cleveland,none,0.13889468014620818,0,0.10577250561873486,0,0.05987050111216766,0,0.10151256229237023,0
hungarian_000,hungarian,0,hungarian,sigmoid,0.28028555450640263,0,0.2565339548499007,0,0.3230140619702232,0,0.2866111904421755,0
hungarian_001,hungarian,1,hungarian,sigmoid,0.21173623315978402,0,0.18475628275914585,0,0.16134489857149587,0,0.1859458048301419,0
hungarian_002,hungarian,0,hungarian,sigmoid,0.32430109066449575,0,0.545835165108247,1,0.6862867324675425,1,0.5188076627467617,1
hungarian_003,hungarian,1,hungarian,sigmoid,0.8522432971460357,1,0.8433654341236396,1,0.8145933005870347,1,0.8367340106189034,1
hungarian_004,hungarian,0,hungarian,sigmoid,0.40329165962780583,0,0.5357474139040932,1,0.5319741276226402,1,0.49033773371817974,0
hungarian_005,hungarian,0,hungarian,sigmoid,0.1400591624666187,0,0.35233183433528514,0,0.304422020497127,0,0.26560433909967696,0
hungarian_006,hungarian,0,hungarian,sigmoid,0.0736703447976875,0,0.07030417494636314,0,0.038709041449094386,0,0.060894520397715,0
hungarian_007,hungarian,0,hungarian,sigmoid,0.5549388441942354,1,0.27266722197715554,0,0.32490815821406266,0,0.38417140812848455,0
hungarian_008,hungarian,1,hungarian,sigmoid,0.8577146333221106,1,0.889252697977477,1,0.8459130755412513,1,0.8642934689469463,1
hungarian_009,hungarian,0,hungarian,sigmoid,0.14355945114760535,0,0.16869826467391807,0,0.17721289142919713,0,0.16315686908357352,0
hungarian_010,hungarian,0,hungarian,sigmoid,0.15841947488610814,0,0.13204207646570928,0,0.18617059054676857,0,0.15887738063286197,0
hungarian_011,hungarian,1,hungarian,sigmoid,0.7766116961045164,1,0.7693085495854749,1,0.708753443833943,1,0.7515578965079781,1
hungarian_012,hungarian,0,hungarian,sigmoid,0.3747123456169459,0,0.2526948277221751,0,0.30218107390196736,0,0.30986274908036276,0
hungarian_013,hungarian,1,hungarian,sigmoid,0.8529046141907646,1,0.8778007541924104,1,0.8884252210862142,1,0.8730435298231297,1
hungarian_014,hungarian,0,hungarian,sigmoid,0.12829660660153233,0,0.1303764167766985,0,0.11952394653985669,0,0.1260656566393625,0
hungarian_015,hungarian,0,hungarian,sigmoid,0.2005469976653987,0,0.21250258581649595,0,0.20869313047566843,0,0.2072475713191877,0
hungarian_016,hungarian,1,hungarian,sigmoid,0.5713547698886193,1,0.549427391493832,1,0.5551679188884033,1,0.5586500267569515,1
hungarian_017,hungarian,0,hungarian,sigmoid,0.08001545127000143,0,0.061671269382833384,0,0.037771865790032506,0,0.0598195288142891,0
hungarian_018,hungarian,1,hungarian,sigmoid,0.8633756162152093,1,0.8434518766726959,1,0.8857804399000899,1,0.8642026442626651,1
hungarian_019,hungarian,1,hungarian,sigmoid,0.6097797950770637,1,0.5461275972718392,1,0.6022564481177236,1,0.5860546134888756,1
hungarian_020,hungarian,0,hungarian,sigmoid,0.32794349512328047,0,0.14306611057759952,0,0.22255705102396703,0,0.23118888557494902,0
hungarian_021,hungarian,0,hungarian,sigmoid,0.6150911721155623,1,0.41441328295676405,0,0.3366936748325309,0,0.4553993766349524,0
hungarian_022,hungarian,0,hungarian,sigmoid,0.08778896381262637,0,0.06634393021638826,0,0.032306679222707455,0,0.0621465244172407,0
hungarian_023,hungarian,1,hungarian,sigmoid,0.8405580022410873,1,0.7424319974737855,1,0.7481037388562044,1,0.7770312461903591,1
hungarian_024,hungarian,0,hungarian,sigmoid,0.25746061735653697,0,0.38419271280987466,0,0.32536603095248334,0,0.3223397870396316,0
hungarian_025,hungarian,0,hungarian,sigmoid,0.14734487314324568,0,0.22845039169813405,0,0.14141734501208658,0,0.17240420328448877,0
hungarian_026,hungarian,0,hungarian,sigmoid,0.9016059409295603,1,0.9533271168060754,1,0.9518579781527888,1,0.9355970119628082,1
hungarian_027,hungarian,0,hungarian,sigmoid,0.6839913142457112,1,0.4486766421619248,0,0.6416015625529488,1,0.5914231729868616,1
hungarian_028,hungarian,0,hungarian,sigmoid,0.1765667971827652,0,0.27210868239111663,0,0.21509844497852448,0,0.22125797485080212,0
hungarian_029,hungarian,0,hungarian,sigmoid,0.4677527230569427,0,0.262400693422865,0,0.2566770849426683,0,0.32894350047415866,0
hungarian_030,hungarian,1,hungarian,sigmoid,0.30091866135826123,0,0.7369267951981594,1,0.31480515894050515,0,0.4508835384989753,0
hungarian_031,hungarian,0,hungarian,sigmoid,0.44493306033527735,0,0.5381249357554716,1,0.5426198476247118,1,0.5085592812384869,1
hungarian_032,hungarian,1,hungarian,sigmoid,0.867215569389211,1,0.8849134950343908,1,0.9056675819415926,1,0.8859322154550647,1
hungarian_033,hungarian,1,hungarian,sigmoid,0.8099468220317977,1,0.8383576435360196,1,0.7686017561298664,1,0.8056354072325611,1
hungarian_034,hungarian,0,hungarian,sigmoid,0.08206904104226669,0,0.08267044957381701,0,0.05722204338861967,0,0.07398717800156779,0
hungarian_035,hungarian,0,hungarian,sigmoid,0.40444551973862125,0,0.2557997163872511,0,0.3673857507896738,0,0.3425436623051821,0
hungarian_036,hungarian,1,hungarian,sigmoid,0.9039000387375891,1,0.969371966727798,1,0.9359103393712676,1,0.9363941149455516,1
hungarian_037,hungarian,0,hungarian,sigmoid,0.14970227026817626,0,0.11974544438308077,0,0.15657026793840143,0,0.14200599419655283,0
hungarian_038,hungarian,0,hungarian,sigmoid,0.2589319475655133,0,0.1394527822679219,0,0.1463458922497053,0,0.1815768740277135,0
hungarian_039,hungarian,0,hungarian,sigmoid,0.8496429008037051,1,0.7875036600358316,1,0.7532448547078645,1,0.7967971385158004,1
hungarian_040,hungarian,0,hungarian,sigmoid,0.12632075403216164,0,0.14836875925296505,0,0.12818900384432244,0,0.1342928390431497,0
hungarian_041,hungarian,1,hungarian,sigmoid,0.8026244730683801,1,0.640387202853398,1,0.771766799686438,1,0.7382594918694054,1
hungarian_042,hungarian,0,hungarian,sigmoid,0.3669746491473334,0,0.25753525638148406,0,0.31554962772994044,0,0.3133531777529193,0
hungarian_043,hungarian,0,hungarian,sigmoid,0.2153261276601373,0,0.27121021572985826,0,0.3411924321270973,0,0.27590959183903097,0
hungarian_044,hungarian,1,hungarian,sigmoid,0.8778322438913644,1,0.8772497153958344,1,0.855604161689605,1,0.8702287069922678,1
hungarian_045,hungarian,0,hungarian,sigmoid,0.7691767702007126,1,0.7029015075299128,1,0.7623858150655287,1,0.7448213642653846,1
hungarian_046,hungarian,0,hungarian,sigmoid,0.34471407151539957,0,0.4336432342879933,0,0.3837869940245752,0,0.38738143327598934,0
hungarian_047,hungarian,0,hungarian,sigmoid,0.10452660116934634,0,0.16401700981968004,0,0.06459437986145662,0,0.11104599695016099,0
hungarian_048,hungarian,0,hungarian,sigmoid,0.18410654555741757,0,0.2995295141074929,0,0.2735584685173921,0,0.2523981760607675,0
hungarian_049,hungarian,1,hungarian,sigmoid,0.695530123039036,1,0.660033397540156,1,0.7352846344084357,1,0.696949384995876,1
hungarian_050,hungarian,1,hungarian,sigmoid,0.9043366271757722,1,0.9300470393972571,1,0.938554477183183,1,0.9243127145854041,1
hungarian_051,hungarian,1,hungarian,sigmoid,0.8908536269956905,1,0.8605780023339813,1,0.8606642209447282,1,0.8706986167581333,1
hungarian_052,hungarian,0,hungarian,sigmoid,0.287862112216949,0,0.41029910162688815,0,0.42374464589084954,0,0.3739686199115622,0
hungarian_053,hungarian,0,hungarian,sigmoid,0.07880210116331007,0,0.0960793952431217,0,0.07373648122976492,0,0.08287265921206556,0
hungarian_054,hungarian,0,hungarian,sigmoid,0.7854726762533599,1,0.7291569279611757,1,0.6110192277576202,1,0.7085496106573852,1
hungarian_055,hungarian,0,hungarian,sigmoid,0.09266550989441713,0,0.0739975941430756,0,0.05143609249870603,0,0.07269973217873292,0
hungarian_056,hungarian,1,hungarian,sigmoid,0.8646977479323915,1,0.8564198931514468,1,0.8356370796425836,1,0.8522515735754741,1
hungarian_057,hungarian,1,hungarian,sigmoid,0.7061251074134626,1,0.4872040541605414,0,0.6054383868389571,1,0.5995891828043204,1
hungarian_058,hungarian,0,hungarian,sigmoid,0.8380374419067669,1,0.8728180868582047,1,0.8321381644299226,1,0.8476645643982982,1
hungarian_059,hungarian,1,hungarian,sigmoid,0.864838454712481,1,0.9517230136331761,1,0.9215258175584419,1,0.9126957619680329,1
hungarian_060,hungarian,0,hungarian,sigmoid,0.3054967803689176,0,0.18906258691727904,0,0.29620985277071465,0,0.26358974001897045,0
hungarian_061,hungarian,0,hungarian,sigmoid,0.11385967430441768,0,0.096238033374094,0,0.07800791978112429,0,0.096035209153212,0
hungarian_062,hungarian,0,hungarian,sigmoid,0.6445524371912141,1,0.7179816478487739,1,0.7234819212899228,1,0.6953386687766369,1
hungarian_063,hungarian,1,hungarian,sigmoid,0.8806572417485988,1,0.9037828829341935,1,0.9304135648864769,1,0.904951229856423,1
hungarian_064,hungarian,0,hungarian,sigmoid,0.0900603975821003,0,0.08294402571577815,0,0.053856652440600415,0,0.07562035857949297,0
hungarian_065,hungarian,0,hungarian,sigmoid,0.13735524356590295,0,0.12647571404251937,0,0.16468498756764222,0,0.1428386483920215,0
hungarian_066,hungarian,0,hungarian,sigmoid,0.35375917249641387,0,0.42598348553901033,0,0.4540652640295807,0,0.4112693073550016,0
hungarian_067,hungarian,0,hungarian,sigmoid,0.2593025351700877,0,0.1444749284440065,0,0.21601202084538906,0,0.20659649481982778,0
hungarian_068,hungarian,1,hungarian,sigmoid,0.8963452100947353,1,0.9806768220324656,1,0.9281095552405192,1,0.9350438624559066,1
hungarian_069,hungarian,0,hungarian,sigmoid,0.555304212868235,1,0.787613062420238,1,0.6391374345357053,1,0.6606849032747261,1
hungarian_070,hungarian,1,hungarian,sigmoid,0.7925654261721196,1,0.635012600093998,1,0.7505959889016424,1,0.7260580050559199,1
hungarian_071,hungarian,0,hungarian,sigmoid,0.48017025582055883,0,0.317439599994899,0,0.3836377784299825,0,0.3937492114151468,0
hungarian_072,hungarian,1,hungarian,sigmoid,0.6240821761253296,1,0.6416568524948024,1,0.6091206579824243,1,0.6249532288675188,1
hungarian_073,hungarian,0,hungarian,sigmoid,0.5704179203793158,1,0.5866178040616237,1,0.5257575836104549,1,0.5609311026837981,1
hungarian_074,hungarian,1,hungarian,sigmoid,0.8772151593162547,1,0.9231468852117966,1,0.936673820291591,1,0.912345288273214,1
hungarian_075,hungarian,0,hungarian,sigmoid,0.2950612105942311,0,0.46411419013380667,0,0.4645877924854124,0,0.40792106440448334,0
hungarian_076,hungarian,1,hungarian,sigmoid,0.7167170123496113,1,0.8982443296506473,1,0.5410647261608069,1,0.7186753560536885,1
hungarian_077,hungarian,0,hungarian,sigmoid,0.25605738162219466,0,0.27899930836748965,0,0.2611443314941208,0,0.2654003404946017,0
hungarian_078,hungarian,0,hungarian,sigmoid,0.2547039979735342,0,0.27634168195884184,0,0.18080497826615227,0,0.23728355273284277,0
hungarian_079,hungarian,1,hungarian,sigmoid,0.51828657715669,1,0.5942234920760738,1,0.5476218398187587,1,0.5533773030171741,1
hungarian_080,hungarian,0,hungarian,sigmoid,0.30394605294173827,0,0.3474853855540496,0,0.3245431565454546,0,0.3253248650137475,0
hungarian_081,hungarian,0,hungarian,sigmoid,0.5327950941931383,1,0.26823685993428664,0,0.3338269015796728,0,0.37828628523569924,0
hungarian_082,hungarian,1,hungarian,sigmoid,0.7816970755130429,1,0.8301185165312193,1,0.8493665952803899,1,0.8203940624415506,1
hungarian_083,hungarian,0,hungarian,sigmoid,0.36726908829815585,0,0.2492194156080061,0,0.2507173988517296,0,0.2890686342526305,0
hungarian_084,hungarian,1,hungarian,sigmoid,0.8651805855865767,1,0.9124878085305295,1,0.9137642776915793,1,0.8971442239362286,1
hungarian_085,hungarian,1,hungarian,sigmoid,0.8816500591052303,1,0.945080227604479,1,0.9318555883560725,1,0.9195286250219272,1
hungarian_086,hungarian,1,hungarian,sigmoid,0.9013842527371029,1,0.9614819062752472,1,0.9306446699553914,1,0.9311702763225805,1
hungarian_087,hungarian,0,hungarian,sigmoid,0.5249225317751034,1,0.39347175288948366,0,0.38686216400131535,0,0.43508548288863413,0
hungarian_088,hungarian,1,hungarian,sigmoid,0.5912346168722807,1,0.4284673208850987,0,0.6209878303970042,1,0.5468965893847946,1
hungarian_089,hungarian,0,hungarian,sigmoid,0.8639978740298737,1,0.9114709520799302,1,0.9283627529134917,1,0.9012771930077652,1
hungarian_090,hungarian,0,hungarian,sigmoid,0.08704333648698112,0,0.07495591877684361,0,0.05067140012197011,0,0.07089021846193162,0
hungarian_091,hungarian,0,hungarian,sigmoid,0.6494445947737586,1,0.7738036488281481,1,0.8251168502602526,1,0.7494550312873866,1
hungarian_092,hungarian,0,hungarian,sigmoid,0.0993957398049267,0,0.08735979783571737,0,0.04733551975924693,0,0.07803035246663033,0
hungarian_093,hungarian,1,hungarian,sigmoid,0.8979196667062197,1,0.9675062629096569,1,0.9278870985968657,1,0.9311043427375808,1
hungarian_094,hungarian,0,hungarian,sigmoid,0.12018912795043957,0,0.059963409576308746,0,0.055623302686257835,0,0.07859194673766871,0
hungarian_095,hungarian,1,hungarian,sigmoid,0.8883628059241552,1,0.9138548935210025,1,0.9351635374960395,1,0.9124604123137323,1
hungarian_096,hungarian,0,hungarian,sigmoid,0.45912135006967053,0,0.31536411731999786,0,0.35908657559114915,0,0.3778573476602725,0
hungarian_097,hungarian,0,hungarian,sigmoid,0.19579013608948176,0,0.3250716084482935,0,0.29894332000107454,0,0.27326835484628326,0
hungarian_098,hungarian,0,hungarian,sigmoid,0.6826466318298678,1,0.5980065369094605,1,0.4002986968390846,0,0.5603172885261376,1
hungarian_099,hungarian,0,hungarian,sigmoid,0.4720760657820251,0,0.31854091893203373,0,0.4547472665370781,0,0.4151214170837123,0
hungarian_100,hungarian,1,hungarian,sigmoid,0.8632085256759539,1,0.9308988589018081,1,0.9317563453627031,1,0.9086212433134883,1
hungarian_101,hungarian,0,hungarian,sigmoid,0.816853783988311,1,0.8406186444189142,1,0.7968973318805581,1,0.8181232534292611,1
hungarian_102,hungarian,1,hungarian,sigmoid,0.837903343781105,1,0.8575730891590311,1,0.7574664778997391,1,0.8176476369466249,1
hungarian_103,hungarian,1,hungarian,sigmoid,0.8457619401843119,1,0.9257003790023595,1,0.6769496165886391,1,0.8161373119251035,1
hungarian_104,hungarian,1,hungarian,sigmoid,0.7817349773664878,1,0.7658694822379093,1,0.7505068787647351,1,0.7660371127897108,1
hungarian_105,hungarian,0,hungarian,sigmoid,0.7275074767929933,1,0.5274737544195035,1,0.6543312988374625,1,0.6364375100166532,1
hungarian_106,hungarian,0,hungarian,sigmoid,0.6644653187608675,1,0.6478519186530975,1,0.6290471918416028,1,0.6471214764185227,1
hungarian_107,hungarian,0,hungarian,sigmoid,0.14192796352498085,0,0.23486873311277412,0,0.21075846749433733,0,0.1958517213773641,0
hungarian_108,hungarian,0,hungarian,sigmoid,0.6733753623821149,1,0.6768756618848684,1,0.5231407257082791,1,0.6244639166584207,1
hungarian_109,hungarian,0,hungarian,sigmoid,0.6667924369690256,1,0.5441428745398742,1,0.7348806103214167,1,0.6486053072767721,1
hungarian_110,hungarian,0,hungarian,sigmoid,0.2439414718975062,0,0.2229620081250187,0,0.18352042108931427,0,0.2168079670372797,0
hungarian_111,hungarian,1,hungarian,sigmoid,0.8969017387555788,1,0.9700638381336963,1,0.9452818083006139,1,0.9374157950632963,1
hungarian_112,hungarian,0,hungarian,sigmoid,0.8819130720385173,1,0.9098386559697745,1,0.9153747734192057,1,0.9023755004758325,1
hungarian_113,hungarian,0,hungarian,sigmoid,0.40861130365186027,0,0.3382942328301574,0,0.4749349415835028,0,0.4072801593551734,0
hungarian_114,hungarian,0,hungarian,sigmoid,0.13866340866667423,0,0.14919771895390363,0,0.1110780797614821,0,0.13297973579401998,0
hungarian_115,hungarian,1,hungarian,sigmoid,0.7639525021048703,1,0.6456848653512117,1,0.6150898910132526,1,0.674909086156445,1
hungarian_116,hungarian,1,hungarian,sigmoid,0.5258434668325342,1,0.6318978972100409,1,0.6801787801562343,1,0.6126400480662698,1
hungarian_117,hungarian,1,hungarian,sigmoid,0.8788968157991182,1,0.8796786675306961,1,0.8976477158815038,1,0.8854077330704394,1
hungarian_118,hungarian,0,hungarian,sigmoid,0.13897160398385902,0,0.06927125019178229,0,0.08115644786299459,0,0.09646643401287863,0
hungarian_119,hungarian,1,hungarian,sigmoid,0.1904190163187761,0,0.15851435924958582,0,0.1192887937620847,0,0.15607405644348218,0
hungarian_120,hungarian,1,hungarian,sigmoid,0.07746014211143205,0,0.10256950263658489,0,0.0544495270419477,0,0.07815972392998821,0
hungarian_121,hungarian,0,hungarian,sigmoid,0.1920114797583472,0,0.18125255175755087,0,0.23707283946158314,0,0.2034456236591604,0
hungarian_122,hungarian,0,hungarian,sigmoid,0.5244689045833864,1,0.592811692027692,1,0.5748181433289434,1,0.5640329133133406,1
hungarian_123,hungarian,1,hungarian,sigmoid,0.881761420553901,1,0.7734331096666899,1,0.6889911570053904,1,0.7813952290753271,1
hungarian_124,hungarian,0,hungarian,sigmoid,0.5702214074505773,1,0.29518194149967225,0,0.3541344992543196,0,0.4065126160681897,0
hungarian_125,hungarian,0,hungarian,sigmoid,0.6934441952897306,1,0.4494424840840841,0,0.6099051846857398,1,0.5842639546865181,1
hungarian_126,hungarian,0,hungarian,sigmoid,0.06896168081302978,0,0.0361274935511078,0,0.039162223221689565,0,0.04808379919527572,0
hungarian_127,hungarian,0,hungarian,sigmoid,0.19552359487737522,0,0.24186718250887917,0,0.2271258584309554,0,0.2215055452724033,0
hungarian_128,hungarian,0,hungarian,sigmoid,0.14344195200783313,0,0.1334584325323852,0,0.10471180107223832,0,0.1272040618708189,0
hungarian_129,hungarian,0,hungarian,sigmoid,0.7207571141829093,1,0.628957631362752,1,0.558336588711216,1,0.6360171114189591,1
hungarian_130,hungarian,0,hungarian,sigmoid,0.25195218440808154,0,0.5130098857984928,1,0.5101209768419968,1,0.42502768234952376,0
hungarian_131,hungarian,1,hungarian,sigmoid,0.8184962441102777,1,0.7739637508935885,1,0.7824799115184758,1,0.7916466355074473,1
hungarian_132,hungarian,1,hungarian,sigmoid,0.8636513428675997,1,0.9693495126369873,1,0.8759859438098972,1,0.9029955997714948,1
hungarian_133,hungarian,1,hungarian,sigmoid,0.863898141536942,1,0.923222515351972,1,0.9216434450968638,1,0.9029213673285925,1
hungarian_134,hungarian,0,hungarian,sigmoid,0.8631583556867402,1,0.8335407995487143,1,0.8605053799992006,1,0.8524015117448851,1
hungarian_135,hungarian,1,hungarian,sigmoid,0.1745745517557448,0,0.2794319548632888,0,0.21881917403970985,0,0.22427522688624782,0
hungarian_136,hungarian,0,hungarian,sigmoid,0.0947115427743561,0,0.06956453259236416,0,0.057570349849269876,0,0.07394880840533004,0
hungarian_137,hungarian,0,hungarian,sigmoid,0.1822661171250592,0,0.3956553616307003,0,0.3694666869405948,0,0.3157960552321181,0
hungarian_138,hungarian,1,hungarian,sigmoid,0.8820094989514022,1,0.8994855839272071,1,0.9214748227194987,1,0.9009899685327026,1
hungarian_139,hungarian,1,hungarian,sigmoid,0.8831549572920828,1,0.9237743136422283,1,0.9059535131433261,1,0.9042942613592123,1
hungarian_140,hungarian,1,hungarian,sigmoid,0.9118372211856194,1,0.977649669820401,1,0.9227649545633418,1,0.937417281856454,1
hungarian_141,hungarian,1,hungarian,sigmoid,0.8712455602433795,1,0.9573802645534718,1,0.9396701993489234,1,0.9227653413819249,1
hungarian_142,hungarian,1,hungarian,sigmoid,0.8797247996198425,1,0.9318836532346509,1,0.9057816692564998,1,0.9057967073703311,1
hungarian_143,hungarian,0,hungarian,sigmoid,0.694206124844212,1,0.7071355909507531,1,0.7320971301321826,1,0.7111462819757159,1
hungarian_144,hungarian,1,hungarian,sigmoid,0.17328476625381167,0,0.19548143327345063,0,0.18700732365729525,0,0.18525784106151919,0
hungarian_145,hungarian,0,hungarian,sigmoid,0.7271028200375167,1,0.7490826912195712,1,0.8378467652595075,1,0.7713440921721985,1
hungarian_146,hungarian,0,hungarian,sigmoid,0.30510841410505324,0,0.22061224899018378,0,0.23134100364464963,0,0.2523538889132955,0
hungarian_147,hungarian,0,hungarian,sigmoid,0.0950720989489692,0,0.07796839476833092,0,0.07625147747001468,0,0.08309732372910493,0
hungarian_148,hungarian,0,hungarian,sigmoid,0.32838233770278946,0,0.19519701208077764,0,0.1636391077780261,0,0.2290728191871977,0
hungarian_149,hungarian,1,hungarian,sigmoid,0.8721269684375539,1,0.9781890549090206,1,0.3696549350663475,0,0.7399903194709739,1
hungarian_150,hungarian,0,hungarian,sigmoid,0.601731985453257,1,0.38170044514579987,0,0.5341116418468719,1,0.5058480241486429,1
hungarian_151,hungarian,0,hungarian,sigmoid,0.6712023989854996,1,0.4321379327453581,0,0.5977630868500691,1,0.5670344728603088,1
hungarian_152,hungarian,0,hungarian,sigmoid,0.421267191912502,0,0.3073133781152678,0,0.42689641321343,0,0.3851589944137333,0
hungarian_153,hungarian,0,hungarian,sigmoid,0.7165133661468694,1,0.7546841234229011,1,0.8358826394690702,1,0.7690267096796136,1
hungarian_154,hungarian,0,hungarian,sigmoid,0.15958539606298316,0,0.2908634069574661,0,0.3681401751117318,0,0.27286299271072706,0
hungarian_155,hungarian,1,hungarian,sigmoid,0.8941127765950053,1,0.9555797656952809,1,0.904249918329578,1,0.9179808202066214,1
hungarian_156,hungarian,1,hungarian,sigmoid,0.8549970681922485,1,0.8196741627784565,1,0.8332578877517692,1,0.8359763729074915,1
hungarian_157,hungarian,0,hungarian,sigmoid,0.7577419321564822,1,0.778312466888883,1,0.8228341938360018,1,0.7862961976271223,1
hungarian_158,hungarian,1,hungarian,sigmoid,0.8806572417485988,1,0.9535483936373088,1,0.9445304573814942,1,0.9262453642558007,1
hungarian_159,hungarian,0,hungarian,sigmoid,0.28237116240118276,0,0.4446300298696911,0,0.34737298002070005,0,0.35812472409719137,0
hungarian_160,hungarian,1,hungarian,sigmoid,0.8778565503108359,1,0.8985082433641821,1,0.9258010596068578,1,0.9007219510939586,1
hungarian_161,hungarian,1,hungarian,sigmoid,0.8662612088432093,1,0.9108754201743136,1,0.9094088451016697,1,0.8955151580397308,1
hungarian_162,hungarian,0,hungarian,sigmoid,0.3403213284703823,0,0.2649761878433237,0,0.32140787346372957,0,0.3089017965924785,0
hungarian_163,hungarian,0,hungarian,sigmoid,0.08704333648698112,0,0.07495591877684361,0,0.05067140012197011,0,0.07089021846193162,0
hungarian_164,hungarian,0,hungarian,sigmoid,0.2863140553599913,0,0.23445687706775625,0,0.2516081195549595,0,0.25745968399423574,0
hungarian_165,hungarian,0,hungarian,sigmoid,0.12616080409988212,0,0.12449966336255307,0,0.08433577508287604,0,0.11166541418177041,0
hungarian_166,hungarian,1,hungarian,sigmoid,0.7273629148198051,1,0.5862897782007935,1,0.6209019591565562,1,0.6448515507257183,1
hungarian_167,hungarian,1,hungarian,sigmoid,0.8668283080763036,1,0.9567241059486655,1,0.9409347453769881,1,0.9214957198006525,1
hungarian_168,hungarian,0,hungarian,sigmoid,0.6636148324096129,1,0.42905430896214847,0,0.5832868486109433,1,0.5586519966609015,1
hungarian_169,hungarian,0,hungarian,sigmoid,0.7796462940200973,1,0.8441670127012806,1,0.8691845408810336,1,0.8309992825341371,1
hungarian_170,hungarian,0,hungarian,sigmoid,0.2725543214811753,0,0.31168160633807884,0,0.19494903638742356,0,0.2597283214022259,0
hungarian_171,hungarian,0,hungarian,sigmoid,0.3554020252404163,0,0.22268437470732497,0,0.338104436034698,0,0.30539694532747974,0
hungarian_172,hungarian,0,hungarian,sigmoid,0.14125244929845426,0,0.2380082373908236,0,0.13363393509598892,0,0.17096487392842227,0
hungarian_173,hungarian,0,hungarian,sigmoid,0.39483768142361353,0,0.33532239590164414,0,0.455537580970473,0,0.39523255276524355,0
hungarian_174,hungarian,0,hungarian,sigmoid,0.20566089586312905,0,0.26194955780057744,0,0.1363315606960681,0,0.20131400478659153,0
hungarian_175,hungarian,1,hungarian,sigmoid,0.8861287031901078,1,0.9242457331296963,1,0.9334366901721344,1,0.9146037088306462,1
hungarian_176,hungarian,1,hungarian,sigmoid,0.8835208551664504,1,0.9254180611838774,1,0.9199939655528924,1,0.90964429396774,1
hungarian_177,hungarian,1,hungarian,sigmoid,0.8458278761726262,1,0.9032740926922636,1,0.9037431631261924,1,0.8842817106636941,1
hungarian_178,hungarian,0,hungarian,sigmoid,0.47051349109338075,0,0.3619202435744163,0,0.4976852919301047,0,0.44337300886596726,0
hungarian_179,hungarian,0,hungarian,sigmoid,0.16770903263178646,0,0.31316322056884865,0,0.23169632079718597,0,0.23752285799927367,0
hungarian_180,hungarian,0,hungarian,sigmoid,0.5308692195261508,1,0.5986928913906384,1,0.6946051027069933,1,0.6080557378745942,1
hungarian_181,hungarian,1,hungarian,sigmoid,0.8933967927006531,1,0.923025707129222,1,0.9301303145045473,1,0.9155176047781408,1
hungarian_182,hungarian,0,hungarian,sigmoid,0.4767146412166384,0,0.2803367553803693,0,0.3162222684717137,0,0.35775788835624045,0
hungarian_183,hungarian,1,hungarian,sigmoid,0.8869107899400553,1,0.9623117334498723,1,0.8516330182317496,1,0.9002851805405591,1
hungarian_184,hungarian,0,hungarian,sigmoid,0.763131064901442,1,0.7629487151066773,1,0.7423916178457696,1,0.7561571326179629,1
hungarian_185,hungarian,0,hungarian,sigmoid,0.19408890725408298,0,0.20680838235458313,0,0.23304954525622837,0,0.21131561162163148,0
hungarian_186,hungarian,1,hungarian,sigmoid,0.8299209345084899,1,0.7106758565621157,1,0.8528815420046947,1,0.7978261110251003,1
hungarian_187,hungarian,0,hungarian,sigmoid,0.6814622395705745,1,0.47801479695119725,0,0.6381700810744841,1,0.5992157058654186,1
hungarian_188,hungarian,1,hungarian,sigmoid,0.8747936191228348,1,0.8598809625551198,1,0.8850361581275076,1,0.8732369132684874,1
hungarian_189,hungarian,0,hungarian,sigmoid,0.8661471645772684,1,0.866995448900794,1,0.8236248382436655,1,0.8522558172405761,1
hungarian_190,hungarian,1,hungarian,sigmoid,0.8684600660119379,1,0.9506750263651227,1,0.9238168471307734,1,0.914317313169278,1
hungarian_191,hungarian,0,hungarian,sigmoid,0.7646864111400097,1,0.8648133409151615,1,0.8803114363904017,1,0.8366037294818577,1
hungarian_192,hungarian,0,hungarian,sigmoid,0.5337440508354951,1,0.48476503160282086,0,0.5948192827775719,1,0.5377761217386293,1
hungarian_193,hungarian,0,hungarian,sigmoid,0.4355734893243561,0,0.258794926067725,0,0.30209926652351465,0,0.33215589397186523,0
hungarian_194,hungarian,0,hungarian,sigmoid,0.36201777328380136,0,0.537257397796703,1,0.5651175192470946,1,0.48813089677586635,0
hungarian_195,hungarian,0,hungarian,sigmoid,0.06896168081302978,0,0.04660740568567151,0,0.029790059106068932,0,0.04845304853492341,0
hungarian_196,hungarian,0,hungarian,sigmoid,0.4887270260604799,0,0.29163447279495597,0,0.4400407667964205,0,0.4068007552172855,0
hungarian_197,hungarian,0,hungarian,sigmoid,0.8468334598539405,1,0.860556861057969,1,0.9138459912477487,1,0.8737454373865527,1
hungarian_198,hungarian,0,hungarian,sigmoid,0.4981733746540728,0,0.3886898634938248,0,0.5383155587812973,1,0.4750595989763983,0
hungarian_199,hungarian,1,hungarian,sigmoid,0.8904857479201764,1,0.8917639975909676,1,0.9172410075194346,1,0.8998302510101929,1
hungarian_200,hungarian,0,hungarian,sigmoid,0.5344147616372871,1,0.495949654934644,0,0.6330346455965075,1,0.5544663540561462,1
hungarian_201,hungarian,0,hungarian,sigmoid,0.44567315968631566,0,0.294098220570158,0,0.3779998533130037,0,0.3725904111898258,0
hungarian_202,hungarian,0,hungarian,sigmoid,0.256186975555536,0,0.34446718826248884,0,0.276713836798825,0,0.29245600020561663,0
hungarian_203,hungarian,0,hungarian,sigmoid,0.18171736109182932,0,0.3409213836897365,0,0.2268343608170348,0,0.24982436853286685,0
hungarian_204,hungarian,0,hungarian,sigmoid,0.16077214536158285,0,0.08517422054524723,0,0.17504172508276297,0,0.14032936366319768,0
hungarian_205,hungarian,0,hungarian,sigmoid,0.6231528319403485,1,0.4516705804279315,0,0.5254825178677099,1,0.5334353100786634,1
hungarian_206,hungarian,0,hungarian,sigmoid,0.8667640260198837,1,0.8522132842057824,1,0.8536553371013363,1,0.8575442157756674,1
hungarian_207,hungarian,0,hungarian,sigmoid,0.15476589248292688,0,0.17315625702925114,0,0.2800223537818011,0,0.20264816776465974,0
hungarian_208,hungarian,1,hungarian,sigmoid,0.5903299397231538,1,0.293101241990687,0,0.4755095812652067,0,0.4529802543263492,0
hungarian_209,hungarian,0,hungarian,sigmoid,0.1270662132223188,0,0.08815346424416295,0,0.13082028050282718,0,0.11534665265643633,0
hungarian_210,hungarian,1,hungarian,sigmoid,0.7048140590640941,1,0.7175527544530808,1,0.7508460604222704,1,0.7244042913131484,1
hungarian_211,hungarian,1,hungarian,sigmoid,0.8181712415962261,1,0.8517838300121234,1,0.9099798120282714,1,0.8599782945455403,1
hungarian_212,hungarian,1,hungarian,sigmoid,0.7010462880615238,1,0.4772420051866126,0,0.6478879067178278,1,0.6087253999886547,1
hungarian_213,hungarian,0,hungarian,sigmoid,0.7743140718420182,1,0.6876463734433482,1,0.7654142146238331,1,0.7424582199697332,1
hungarian_214,hungarian,0,hungarian,sigmoid,0.47511732578360333,0,0.22378644656365493,0,0.2904078580877271,0,0.32977054347832846,0
hungarian_215,hungarian,1,hungarian,sigmoid,0.9013276528845722,1,0.9479399995085149,1,0.9385090532402259,1,0.929258901877771,1
hungarian_216,hungarian,0,hungarian,sigmoid,0.4221209075894654,0,0.2523595638152428,0,0.3859608340704418,0,0.35348043515838334,0
hungarian_217,hungarian,1,hungarian,sigmoid,0.7555991798329593,1,0.7227725309548932,1,0.8015076154852755,1,0.7599597754243761,1
hungarian_218,hungarian,0,hungarian,sigmoid,0.3827043738340362,0,0.3988729536834225,0,0.3406483215077404,0,0.3740752163417331,0
hungarian_219,hungarian,0,hungarian,sigmoid,0.3891864749355269,0,0.3895509956161366,0,0.3573806738639537,0,0.3787060481385391,0
hungarian_220,hungarian,0,hungarian,sigmoid,0.2758014970917428,0,0.20961822539318103,0,0.25769179548677057,0,0.24770383932389814,0
hungarian_221,hungarian,1,hungarian,sigmoid,0.7622404820650155,1,0.8009949576556634,1,0.843443531983125,1,0.802226323901268,1
hungarian_222,hungarian,1,hungarian,sigmoid,0.8123517404469741,1,0.7964613677726253,1,0.742305309689545,1,0.7837061393030482,1
hungarian_223,hungarian,0,hungarian,sigmoid,0.25408770558956156,0,0.16249032379426454,0,0.21847766200740915,0,0.2116852304637451,0
hungarian_224,hungarian,0,hungarian,sigmoid,0.12856835370837977,0,0.2553216899204612,0,0.22121564591836762,0,0.20170189651573622,0
hungarian_225,hungarian,0,hungarian,sigmoid,0.3465465351991997,0,0.4351253042764875,0,0.42042326817778575,0,0.4006983692178243,0
hungarian_226,hungarian,1,hungarian,sigmoid,0.6808396408709615,1,0.743230743118227,1,0.7768628543369307,1,0.733644412775373,1
hungarian_227,hungarian,0,hungarian,sigmoid,0.32610249576155653,0,0.3644911817686656,0,0.2838516061490567,0,0.3248150945597596,0
hungarian_228,hungarian,1,hungarian,sigmoid,0.8717993858579078,1,0.8319392446263632,1,0.7326724962273722,1,0.8121370422372144,1
hungarian_229,hungarian,0,hungarian,sigmoid,0.2658510593006316,0,0.24302366844715548,0,0.3474195884418414,0,0.28543143872987614,0
hungarian_230,hungarian,0,hungarian,sigmoid,0.26745620456166275,0,0.2658226762646553,0,0.1709054972100866,0,0.23472812601213489,0
hungarian_231,hungarian,0,hungarian,sigmoid,0.5547128761165052,1,0.7193743831773396,1,0.7504010304010028,1,0.6748294298982825,1
hungarian_232,hungarian,0,hungarian,sigmoid,0.1634886157227598,0,0.3291913489869834,0,0.2493561287148501,0,0.24734536447486444,0
hungarian_233,hungarian,0,hungarian,sigmoid,0.1284588378354198,0,0.13604368433539993,0,0.17718274658022565,0,0.14722842291701513,0
hungarian_234,hungarian,0,hungarian,sigmoid,0.7017084880780994,1,0.7027143810552157,1,0.7864776332475453,1,0.7303001674602867,1
hungarian_235,hungarian,0,hungarian,sigmoid,0.21264681300047816,0,0.19058535848972394,0,0.18734720201977403,0,0.19685979116999205,0
hungarian_236,hungarian,0,hungarian,sigmoid,0.5978359388128117,1,0.43971083963218344,0,0.36443435116811207,0,0.4673270432043691,0
hungarian_237,hungarian,1,hungarian,sigmoid,0.8941861578968539,1,0.957873827316155,1,0.9294137381271014,1,0.9271579077800367,1
hungarian_238,hungarian,1,hungarian,sigmoid,0.6796567347219242,1,0.5586468069783246,1,0.7248712735262421,1,0.654391605075497,1
hungarian_239,hungarian,1,hungarian,sigmoid,0.8979196667062197,1,0.9716347934896497,1,0.9086008858163547,1,0.9260517820040747,1
hungarian_240,hungarian,1,hungarian,sigmoid,0.8928556889858204,1,0.9558972697510237,1,0.9087374706332483,1,0.9191634764566974,1
hungarian_241,hungarian,0,hungarian,sigmoid,0.4226574150407978,0,0.3793549732156601,0,0.512175892295654,1,0.4380627601840373,0
hungarian_242,hungarian,1,hungarian,sigmoid,0.8722085389732438,1,0.9234234214426372,1,0.817005982807092,1,0.8708793144076576,1
hungarian_243,hungarian,1,hungarian,sigmoid,0.8033393513908074,1,0.7289115806473919,1,0.6930819677984152,1,0.7417776332788716,1
hungarian_244,hungarian,0,hungarian,sigmoid,0.14909032808258404,0,0.15905348731740224,0,0.19076911632181576,0,0.166304310573934,0
hungarian_245,hungarian,1,hungarian,sigmoid,0.8921186385721278,1,0.9441838249341321,1,0.937953222715233,1,0.9247518954071644,1
hungarian_246,hungarian,0,hungarian,sigmoid,0.2819798118154652,0,0.36554460513766485,0,0.3009588301414025,0,0.3161610823648442,0
hungarian_247,hungarian,1,hungarian,sigmoid,0.7475306992434274,1,0.6770766994751666,1,0.7635034154481544,1,0.7293702713889161,1
hungarian_248,hungarian,1,hungarian,sigmoid,0.8644563795474127,1,0.811380821198056,1,0.8135869270769135,1,0.8298080426074607,1
hungarian_249,hungarian,1,hungarian,sigmoid,0.8096624161888417,1,0.8805741258835298,1,0.8796035630100485,1,0.8566133683608067,1
hungarian_250,hungarian,1,hungarian,sigmoid,0.8906481905641221,1,0.9355200347491103,1,0.9266129368952353,1,0.9175937207361559,1
hungarian_251,hungarian,1,hungarian,sigmoid,0.6858972373751904,1,0.8942331989360129,1,0.5573799549692533,1,0.7125034637601523,1
hungarian_252,hungarian,1,hungarian,sigmoid,0.898300789732873,1,0.9028830100441612,1,0.9293528854054578,1,0.9101788950608306,1
hungarian_253,hungarian,0,hungarian,sigmoid,0.8253275423582934,1,0.9136709993412694,1,0.9374475591002683,1,0.8921487002666103,1
hungarian_254,hungarian,0,hungarian,sigmoid,0.3491038924528611,0,0.3302950480760226,0,0.33943986211522414,0,0.33961293421470257,0
hungarian_255,hungarian,1,hungarian,sigmoid,0.8873468622446516,1,0.9556860947705452,1,0.9459022858251747,1,0.9296450809467904,1
hungarian_256,hungarian,0,hungarian,sigmoid,0.2483748353261217,0,0.20256582023037967,0,0.2849240970539931,0,0.24528825087016481,0
hungarian_257,hungarian,0,hungarian,sigmoid,0.1711015823934074,0,0.21069085897022188,0,0.2419482445637388,0,0.20791356197578936,0
hungarian_258,hungarian,0,hungarian,sigmoid,0.1389774199259694,0,0.23667841493258263,0,0.13381362588005596,0,0.169823153579536,0
hungarian_259,hungarian,0,hungarian,sigmoid,0.1707881547940664,0,0.20628417724049147,0,0.1898978347253069,0,0.1889900555866216,0
hungarian_260,hungarian,0,hungarian,sigmoid,0.11969404265218393,0,0.12088310172269087,0,0.09059989189781133,0,0.11039234542422871,0
hungarian_261,hungarian,0,hungarian,sigmoid,0.20485948352215483,0,0.3126881890418789,0,0.23288672798311985,0,0.25014480018238455,0
hungarian_262,hungarian,0,hungarian,sigmoid,0.1303285918263462,0,0.13811358306990906,0,0.08122193502049077,0,0.116554703305582,0
hungarian_263,hungarian,1,hungarian,sigmoid,0.8922216409663161,1,0.8825384205191164,1,0.9039398919605232,1,0.8928999844819852,1
hungarian_264,hungarian,1,hungarian,sigmoid,0.7857609365462641,1,0.7944553364641054,1,0.8469505442501811,1,0.8090556057535169,1
hungarian_265,hungarian,1,hungarian,sigmoid,0.6823822128418398,1,0.6315198384419387,1,0.527191727083687,1,0.6136979261224885,1
hungarian_266,hungarian,0,hungarian,sigmoid,0.36967427649382756,0,0.30495040217385494,0,0.41512088076137443,0,0.3632485198096857,0
hungarian_267,hungarian,1,hungarian,sigmoid,0.8838108791830572,1,0.9354375975093749,1,0.9447035977110554,1,0.9213173581344959,1
hungarian_268,hungarian,0,hungarian,sigmoid,0.40349686279649893,0,0.2162866326487555,0,0.37177690790638607,0,0.33052013445054684,0
hungarian_269,hungarian,1,hungarian,sigmoid,0.8948362037019899,1,0.9395240392613087,1,0.9398905235100052,1,0.9247502554911012,1
hungarian_270,hungarian,0,hungarian,sigmoid,0.3297567339528159,0,0.2738315592850274,0,0.2861075636776612,0,0.29656528563850154,0
hungarian_271,hungarian,0,hungarian,sigmoid,0.6535689811977028,1,0.7056213332966172,1,0.7555405520285918,1,0.7049102888409706,1
hungarian_272,hungarian,0,hungarian,sigmoid,0.11849232847488804,0,0.052588280195046896,0,0.08617250764987264,0,0.08575103877326919,0
hungarian_273,hungarian,1,hungarian,sigmoid,0.8752920019774736,1,0.9300229087060062,1,0.9198165154081274,1,0.9083771420305357,1
hungarian_274,hungarian,0,hungarian,sigmoid,0.5629199692204606,1,0.4357443047161366,0,0.4328750958597502,0,0.4771797899321158,0
hungarian_275,hungarian,0,hungarian,sigmoid,0.08722946251315289,0,0.08634881655182883,0,0.12127069650155378,0,0.09828299185551183,0
hungarian_276,hungarian,0,hungarian,sigmoid,0.5107925831157616,1,0.6488271509518738,1,0.7162181266380516,1,0.6252792869018956,1
hungarian_277,hungarian,1,hungarian,sigmoid,0.6552383750329837,1,0.5463855610696593,1,0.5246525084138657,1,0.575425481505503,1
hungarian_278,hungarian,1,hungarian,sigmoid,0.8873468622446516,1,0.9310008039810291,1,0.9109682463729222,1,0.909771970866201,1
hungarian_279,hungarian,0,hungarian,sigmoid,0.8525144477359173,1,0.8766321540329104,1,0.8538410983813405,1,0.8609959000500561,1
hungarian_280,hungarian,0,hungarian,sigmoid,0.17417756045757402,0,0.12085216233572342,0,0.11092635100489805,0,0.13531869126606516,0
hungarian_281,hungarian,0,hungarian,sigmoid,0.6414393678076392,1,0.4663915246258873,0,0.504862759759139,1,0.5375645507308885,1
hungarian_282,hungarian,1,hungarian,sigmoid,0.8743582433956636,1,0.8965924836518304,1,0.8894060879970038,1,0.8867856050148326,1
hungarian_283,hungarian,0,hungarian,sigmoid,0.15137970725925737,0,0.2462397272419954,0,0.1719749424305086,0,0.1898647923105871,0
hungarian_284,hungarian,0,hungarian,sigmoid,0.1780410076228049,0,0.1398887197816244,0,0.2045737440107107,0,0.17416782380504667,0
hungarian_285,hungarian,0,hungarian,sigmoid,0.5108478242110259,1,0.733284620044236,1,0.6971336200454109,1,0.6470886881002244,1
hungarian_286,hungarian,0,hungarian,sigmoid,0.2519439555343278,0,0.16609272011560958,0,0.22824339651452236,0,0.21542669072148657,0
hungarian_287,hungarian,0,hungarian,sigmoid,0.7601325449055324,1,0.7660070961083926,1,0.8113381371816833,1,0.779159259398536,1
hungarian_288,hungarian,0,hungarian,sigmoid,0.636561234618012,1,0.34896152938003633,0,0.4652146046375103,0,0.48357912287851956,0
hungarian_289,hungarian,0,hungarian,sigmoid,0.14113142888301486,0,0.21606351928587872,0,0.24081100690783516,0,0.19933531835890958,0
hungarian_290,hungarian,0,hungarian,sigmoid,0.17874727071642807,0,0.1348318819706001,0,0.1336996488235766,0,0.14909293383686825,0
hungarian_291,hungarian,0,hungarian,sigmoid,0.5672565057011889,1,0.41002019579065985,0,0.5189165881156651,1,0.49873109653583797,0
hungarian_292,hungarian,0,hungarian,sigmoid,0.11578276886960245,0,0.17522298852075896,0,0.1287355537441812,0,0.13991377037818087,0
hungarian_293,hungarian,0,hungarian,sigmoid,0.6148675816972597,1,0.6657218190955007,1,0.6170620443150423,1,0.6325504817026009,1
switzerland_000,switzerland,1,switzerland,sigmoid,0.13626327972778798,0,0.12584269979356727,0,0.1024514364734368,0,0.12151913866493069,0
switzerland_001,switzerland,1,switzerland,sigmoid,0.29283489215280456,0,0.2749463510302969,0,0.237687690594846,0,0.2684896445926492,0
switzerland_002,switzerland,1,switzerland,sigmoid,0.8830615668669726,1,0.7384147644132228,1,0.7546750411004435,1,0.792050457460213,1
switzerland_003,switzerland,1,switzerland,sigmoid,0.7770042254932099,1,0.7168299457923502,1,0.7652898201307877,1,0.753041330472116,1
switzerland_004,switzerland,1,switzerland,sigmoid,0.12414322911302367,0,0.3303621041711323,0,0.25957189377080503,0,0.23802574235165366,0
switzerland_005,switzerland,1,switzerland,sigmoid,0.16726177355773514,0,0.12846912575399144,0,0.1272645931423661,0,0.14099849748469756,0
switzerland_006,switzerland,0,switzerland,sigmoid,0.09750591400179065,0,0.029759363066531996,0,0.03964793116116225,0,0.05563773607649496,0
switzerland_007,switzerland,1,switzerland,sigmoid,0.6769367142367376,1,0.4520130449836522,0,0.5026795665263006,1,0.5438764419155635,1
switzerland_008,switzerland,1,switzerland,sigmoid,0.18535186004608098,0,0.20874365333125083,0,0.15177127734333606,0,0.1819555969068893,0
switzerland_009,switzerland,1,switzerland,sigmoid,0.799162574432705,1,0.5416415907154392,1,0.5465079198675967,1,0.6291040283385803,1
switzerland_010,switzerland,1,switzerland,sigmoid,0.3378331878650519,0,0.3391744475143083,0,0.3317648481023824,0,0.33625749449391423,0
switzerland_011,switzerland,1,switzerland,sigmoid,0.3466364774420968,0,0.4480414619913585,0,0.4134612192746774,0,0.4027130529027109,0
switzerland_012,switzerland,1,switzerland,sigmoid,0.8178206117597118,1,0.4451989300619596,0,0.4581538774984552,0,0.5737244731067089,1
switzerland_013,switzerland,1,switzerland,sigmoid,0.8598419487433077,1,0.7581822886516216,1,0.7833826512465587,1,0.8004689628804961,1
switzerland_014,switzerland,1,switzerland,sigmoid,0.7423826539476043,1,0.6745436244035246,1,0.6989056996870663,1,0.7052773260127317,1
switzerland_015,switzerland,1,switzerland,sigmoid,0.9100817092216437,1,0.8706403317663398,1,0.8731134607741469,1,0.8846118339207102,1
switzerland_016,switzerland,1,switzerland,sigmoid,0.7831943142885278,1,0.7172972596117088,1,0.6615359328250189,1,0.7206758355750851,1
switzerland_017,switzerland,0,switzerland,sigmoid,0.11853430773976299,0,0.09315298166866702,0,0.10628254552210552,0,0.10598994497684518,0
switzerland_018,switzerland,1,switzerland,sigmoid,0.6228195901409447,1,0.20114179893549178,0,0.21751160791594137,0,0.3471576656641259,0
switzerland_019,switzerland,1,switzerland,sigmoid,0.9125474426565805,1,0.8809306237274359,1,0.8944156729484675,1,0.8959645797774947,1
switzerland_020,switzerland,1,switzerland,sigmoid,0.22158993730317725,0,0.22700894121603796,0,0.2647512567938276,0,0.23778337843768094,0
switzerland_021,switzerland,1,switzerland,sigmoid,0.5345213418467052,1,0.3947768366427678,0,0.4218484732994856,0,0.45038221726298616,0
switzerland_022,switzerland,1,switzerland,sigmoid,0.5513644768288819,1,0.6707765684527183,1,0.6756895789035777,1,0.632610208061726,1
switzerland_023,switzerland,1,switzerland,sigmoid,0.859036303050074,1,0.7684370029902441,1,0.7798699756202643,1,0.8024477605535275,1
switzerland_024,switzerland,1,switzerland,sigmoid,0.46649076965646474,0,0.5169192932709107,1,0.5583427862733863,1,0.5139176164002539,1
switzerland_025,switzerland,1,switzerland,sigmoid,0.23398956801431442,0,0.23953765501409122,0,0.2617970011389038,0,0.24510807472243648,0
switzerland_026,switzerland,1,switzerland,sigmoid,0.7396425175938003,1,0.7370794784872624,1,0.791235635965292,1,0.755985877348785,1
switzerland_027,switzerland,1,switzerland,sigmoid,0.5700510778555066,1,0.5411063006999715,1,0.49669456412497537,0,0.5359506475601511,1
switzerland_028,switzerland,1,switzerland,sigmoid,0.837471258870871,1,0.7896490734707983,1,0.8201320912377075,1,0.8157508078597923,1
switzerland_029,switzerland,1,switzerland,sigmoid,0.38713930719196565,0,0.49496997838742285,0,0.4312841580923287,0,0.43779781455723904,0
switzerland_030,switzerland,1,switzerland,sigmoid,0.6287494500908322,1,0.6470667546797382,1,0.7226342089406099,1,0.6661501379037268,1
switzerland_031,switzerland,1,switzerland,sigmoid,0.5454445894408342,1,0.42604038000617683,0,0.44248033628089967,0,0.47132176857597025,0
switzerland_032,switzerland,1,switzerland,sigmoid,0.31001608213599613,0,0.22489274340353652,0,0.19909701572030536,0,0.24466861375327933,0
switzerland_033,switzerland,1,switzerland,sigmoid,0.7590672389333146,1,0.6279362207540329,1,0.5538720193492853,1,0.6469584930122109,1
switzerland_034,switzerland,1,switzerland,sigmoid,0.47854205282018974,0,0.503428364540622,1,0.5589431579906154,1,0.5136378584504757,1
switzerland_035,switzerland,1,switzerland,sigmoid,0.7724563907836606,1,0.8175637944044037,1,0.8474979491051824,1,0.8125060447644156,1
switzerland_036,switzerland,1,switzerland,sigmoid,0.8091816996508108,1,0.668592221470309,1,0.6871448821756281,1,0.721639601098916,1
switzerland_037,switzerland,1,switzerland,sigmoid,0.9066626667327469,1,0.9147050630776283,1,0.9159059140076767,1,0.9124245479393506,1
switzerland_038,switzerland,1,switzerland,sigmoid,0.8663303849895243,1,0.8298685973589504,1,0.8032930183959577,1,0.8331640002481441,1
switzerland_039,switzerland,1,switzerland,sigmoid,0.8994322645368957,1,0.8678038930001837,1,0.9140210141049419,1,0.8937523905473403,1
switzerland_040,switzerland,1,switzerland,sigmoid,0.11922531396592403,0,0.14835115264077095,0,0.21163651254708932,0,0.1597376597179281,0
switzerland_041,switzerland,0,switzerland,sigmoid,0.4673765700664595,0,0.3534125773125373,0,0.41421102536954313,0,0.4116667242495133,0
switzerland_042,switzerland,1,switzerland,sigmoid,0.5430795626812184,1,0.4311811624607202,0,0.4885097179988341,0,0.4875901477135909,0
switzerland_043,switzerland,1,switzerland,sigmoid,0.8086645195023966,1,0.6570729253500817,1,0.6750172897713563,1,0.7135849115412781,1
switzerland_044,switzerland,1,switzerland,sigmoid,0.8001908094343024,1,0.6650152730497525,1,0.6888151855171969,1,0.7180070893337506,1
switzerland_045,switzerland,1,switzerland,sigmoid,0.5615792146872576,1,0.635057553736357,1,0.6664465291375932,1,0.6210277658537359,1
switzerland_046,switzerland,1,switzerland,sigmoid,0.8990106928759181,1,0.8750729343458372,1,0.8698803713754645,1,0.88132133286574,1
switzerland_047,switzerland,0,switzerland,sigmoid,0.9037465212470671,1,0.8723737018761352,1,0.8743928195941326,1,0.8835043475724449,1
switzerland_048,switzerland,1,switzerland,sigmoid,0.7128693175509553,1,0.5867306506849337,1,0.5808056565684703,1,0.6268018749347865,1
switzerland_049,switzerland,1,switzerland,sigmoid,0.9144008675955302,1,0.9594696613664692,1,0.9582298327583756,1,0.9440334539067917,1
switzerland_050,switzerland,1,switzerland,sigmoid,0.869074480336017,1,0.8244541995281398,1,0.8012082562385672,1,0.8315789787009079,1
switzerland_051,switzerland,0,switzerland,sigmoid,0.09854262791169639,0,0.1313410817228884,0,0.1447642923136268,0,0.12488266731607052,0
switzerland_052,switzerland,1,switzerland,sigmoid,0.5346821002231578,1,0.5356053746398374,1,0.5652004282245386,1,0.5451626343625112,1
switzerland_053,switzerland,1,switzerland,sigmoid,0.6605854921310109,1,0.7242509604849443,1,0.7049339871699726,1,0.6965901465953093,1
switzerland_054,switzerland,1,switzerland,sigmoid,0.8245642241816334,1,0.7671164210479829,1,0.7996436787599437,1,0.79710810799652,1
switzerland_055,switzerland,0,switzerland,sigmoid,0.6357419304375871,1,0.5092246527383447,1,0.5797976106283776,1,0.5749213979347698,1
switzerland_056,switzerland,1,switzerland,sigmoid,0.6231837725548252,1,0.2380115836176952,0,0.29015626867186245,0,0.38378387494812755,0
switzerland_057,switzerland,1,switzerland,sigmoid,0.2918463399198581,0,0.26631314029157654,0,0.2796205813485829,0,0.27926002052000587,0
switzerland_058,switzerland,1,switzerland,sigmoid,0.4371356064020012,0,0.45061812370226695,0,0.5120317191802124,1,0.4665951497614935,0
switzerland_059,switzerland,1,switzerland,sigmoid,0.8281865310693662,1,0.7137419518691648,1,0.7322475178092909,1,0.7580586669159407,1
switzerland_060,switzerland,1,switzerland,sigmoid,0.3556398476622423,0,0.35779666893912,0,0.32947714085824753,0,0.34763788581986993,0
switzerland_061,switzerland,1,switzerland,sigmoid,0.9078324298853249,1,0.9088790320268091,1,0.9192317289941236,1,0.9119810636354192,1
switzerland_062,switzerland,1,switzerland,sigmoid,0.8882442631307665,1,0.8865990931900457,1,0.8760513563620356,1,0.8836315708942827,1
switzerland_063,switzerland,1,switzerland,sigmoid,0.3169457169511084,0,0.3472075413149969,0,0.3833331133565157,0,0.34916212387420703,0
switzerland_064,switzerland,1,switzerland,sigmoid,0.8649179338423089,1,0.842253464249451,1,0.8411505837134927,1,0.8494406606017509,1
switzerland_065,switzerland,1,switzerland,sigmoid,0.867051264797305,1,0.8989301012520869,1,0.9150185901546006,1,0.8936666520679974,1
switzerland_066,switzerland,1,switzerland,sigmoid,0.732210855785834,1,0.7724330588433743,1,0.8359544514186054,1,0.7801994553492713,1
switzerland_067,switzerland,1,switzerland,sigmoid,0.9110011403870821,1,0.9476867737258413,1,0.9477652127062474,1,0.9354843756063902,1
switzerland_068,switzerland,1,switzerland,sigmoid,0.48514202269153195,0,0.4861806670899858,0,0.4624098330621772,0,0.4779108409478983,0
switzerland_069,switzerland,1,switzerland,sigmoid,0.4336731444275407,0,0.4690133201034496,0,0.48914545339729026,0,0.46394397264276016,0
switzerland_070,switzerland,1,switzerland,sigmoid,0.7968869335090119,1,0.8712358827984742,1,0.8968210659013149,1,0.8549812940696002,1
switzerland_071,switzerland,1,switzerland,sigmoid,0.7344847517376526,1,0.6281069426227976,1,0.6567712466888955,1,0.6731209803497819,1
switzerland_072,switzerland,1,switzerland,sigmoid,0.524810485891311,1,0.6414724730039509,1,0.6573152974193145,1,0.6078660854381921,1
switzerland_073,switzerland,1,switzerland,sigmoid,0.5699413183971842,1,0.6582101604395234,1,0.7328066864747672,1,0.6536527217704916,1
switzerland_074,switzerland,1,switzerland,sigmoid,0.4455165404582472,0,0.3922426772504816,0,0.406458980297869,0,0.4147393993355326,0
switzerland_075,switzerland,1,switzerland,sigmoid,0.8686523537071981,1,0.8254359822335529,1,0.8245408819009559,1,0.8395430726139024,1
switzerland_076,switzerland,1,switzerland,sigmoid,0.8913310395801733,1,0.8882340021958317,1,0.8998848523832008,1,0.8931499647197354,1
switzerland_077,switzerland,1,switzerland,sigmoid,0.18870664697272588,0,0.3837750290322989,0,0.35981517792065393,0,0.3107656179752262,0
switzerland_078,switzerland,1,switzerland,sigmoid,0.4412971711748245,0,0.5006471323647503,1,0.5453616627899285,1,0.4957686554431677,0
switzerland_079,switzerland,1,switzerland,sigmoid,0.8722341079656599,1,0.8485080298482671,1,0.845804203432972,1,0.8555154470822997,1
switzerland_080,switzerland,1,switzerland,sigmoid,0.8435196279049293,1,0.8738558406898559,1,0.8841019886727179,1,0.867159152422501,1
switzerland_081,switzerland,1,switzerland,sigmoid,0.858470447498107,1,0.9001240717823109,1,0.9041418912111137,1,0.8875788034971771,1
switzerland_082,switzerland,1,switzerland,sigmoid,0.6115529668513853,1,0.6642518543635356,1,0.6769850108909362,1,0.6509299440352857,1
switzerland_083,switzerland,1,switzerland,sigmoid,0.4466448210935797,0,0.37995610403407853,0,0.3957943501386767,0,0.407465091755445,0
switzerland_084,switzerland,1,switzerland,sigmoid,0.8731839670016797,1,0.8759632925049063,1,0.8805126663577099,1,0.8765533086214319,1
switzerland_085,switzerland,1,switzerland,sigmoid,0.7851674065424772,1,0.8110421551019457,1,0.8477358247836116,1,0.8146484621426783,1
switzerland_086,switzerland,1,switzerland,sigmoid,0.8466670562395766,1,0.8120325251650737,1,0.8311937099534014,1,0.829964430452684,1
switzerland_087,switzerland,1,switzerland,sigmoid,0.8258578461462516,1,0.7700377755033042,1,0.770764920953931,1,0.7888868475344957,1
switzerland_088,switzerland,1,switzerland,sigmoid,0.8371372079856503,1,0.9260961928373336,1,0.9388789935938713,1,0.9007041314722851,1
switzerland_089,switzerland,1,switzerland,sigmoid,0.8511361097995168,1,0.843578182855933,1,0.8645359303722776,1,0.8530834076759092,1
switzerland_090,switzerland,1,switzerland,sigmoid,0.8966694049306756,1,0.9403068446668363,1,0.9402199431956506,1,0.9257320642643876,1
switzerland_091,switzerland,1,switzerland,sigmoid,0.8833597096278188,1,0.8492476959954638,1,0.8276186551915569,1,0.8534086869382799,1
switzerland_092,switzerland,1,switzerland,sigmoid,0.13320426810680627,0,0.11284848661949061,0,0.12654196310774657,0,0.12419823927801449,0
switzerland_093,switzerland,1,switzerland,sigmoid,0.836315911720105,1,0.8236772627350843,1,0.8544777093551403,1,0.83815696127011,1
switzerland_094,switzerland,1,switzerland,sigmoid,0.43078057221366384,0,0.31826766764738407,0,0.35660537679525955,0,0.36855120555210247,0
switzerland_095,switzerland,1,switzerland,sigmoid,0.5944562927463333,1,0.45357894478982547,0,0.53483456743749,1,0.5276232683245495,1
switzerland_096,switzerland,1,switzerland,sigmoid,0.9106741706575334,1,0.9375449637403293,1,0.9326743648881823,1,0.9269644997620151,1
switzerland_097,switzerland,1,switzerland,sigmoid,0.7503274165953033,1,0.5718065065707714,1,0.6534512544048611,1,0.6585283925236453,1
switzerland_098,switzerland,1,switzerland,sigmoid,0.9093621463044143,1,0.9441116871543889,1,0.9431704250512288,1,0.9322147528366772,1
switzerland_099,switzerland,1,switzerland,sigmoid,0.6242593962222625,1,0.5348444639415642,1,0.6192876812977032,1,0.5927971804871767,1
switzerland_100,switzerland,1,switzerland,sigmoid,0.5798375308934866,1,0.7540702475062039,1,0.6410094812662683,1,0.6583057532219863,1
switzerland_101,switzerland,1,switzerland,sigmoid,0.9057491776660591,1,0.9515414166925025,1,0.9519950006575707,1,0.9364285316720441,1
switzerland_102,switzerland,1,switzerland,sigmoid,0.7767084688621908,1,0.8925920485521427,1,0.8800355357876821,1,0.8497786844006718,1
switzerland_103,switzerland,1,switzerland,sigmoid,0.8113091947645913,1,0.8276281083240938,1,0.8120596993786474,1,0.8169990008224443,1
switzerland_104,switzerland,1,switzerland,sigmoid,0.7218857862101906,1,0.5897760892162547,1,0.5871482418933488,1,0.6329367057732647,1
switzerland_105,switzerland,1,switzerland,sigmoid,0.2938831739677415,0,0.330469502907375,0,0.3540205886511425,0,0.3261244218420863,0
switzerland_106,switzerland,1,switzerland,sigmoid,0.9014975837079341,1,0.8967810115101594,1,0.9019345377430446,1,0.9000710443203793,1
switzerland_107,switzerland,1,switzerland,sigmoid,0.8676419249517069,1,0.8527314091030374,1,0.8859204807058481,1,0.8687646049201975,1
switzerland_108,switzerland,1,switzerland,sigmoid,0.8608428947476264,1,0.9168888655296769,1,0.9342418888134769,1,0.9039912163635934,1
switzerland_109,switzerland,0,switzerland,sigmoid,0.4672725058486208,0,0.5795307708354537,1,0.5736346646943462,1,0.5401459804594736,1
switzerland_110,switzerland,1,switzerland,sigmoid,0.9047496272690309,1,0.9127791466190894,1,0.9013823471399286,1,0.9063037070093496,1
switzerland_111,switzerland,1,switzerland,sigmoid,0.6596809788064937,1,0.6467508229354191,1,0.6697998564531689,1,0.6587438860650272,1
switzerland_112,switzerland,1,switzerland,sigmoid,0.9055308380532601,1,0.9508982979709785,1,0.9515995830155601,1,0.9360095730132661,1
switzerland_113,switzerland,1,switzerland,sigmoid,0.40740607391202543,0,0.29468294301541,0,0.29350695766496787,0,0.3318653248641344,0
switzerland_114,switzerland,1,switzerland,sigmoid,0.8249645861190714,1,0.8014552539730431,1,0.7814825874588068,1,0.8026341425169737,1
switzerland_115,switzerland,1,switzerland,sigmoid,0.5874763316300424,1,0.7302643375444589,1,0.7412607069716095,1,0.6863337920487037,1
switzerland_116,switzerland,1,switzerland,sigmoid,0.5695702869229897,1,0.6515336134625256,1,0.6928344589869178,1,0.6379794531241444,1
switzerland_117,switzerland,1,switzerland,sigmoid,0.8924291440972875,1,0.9306251211783128,1,0.9294512771495347,1,0.9175018474750449,1
switzerland_118,switzerland,1,switzerland,sigmoid,0.8536791690590724,1,0.8824402150372448,1,0.9034216924363261,1,0.8798470255108811,1
switzerland_119,switzerland,1,switzerland,sigmoid,0.8872036236808736,1,0.9391658138819585,1,0.9336014829451068,1,0.9199903068359796,1
switzerland_120,switzerland,0,switzerland,sigmoid,0.753227023489144,1,0.7705785398552265,1,0.7978273663891435,1,0.7738776432445048,1
switzerland_121,switzerland,1,switzerland,sigmoid,0.12715441546713052,0,0.1533258787786399,0,0.14386036255409387,0,0.14144688559995477,0
switzerland_122,switzerland,1,switzerland,sigmoid,0.235642665885972,0,0.3769228603594256,0,0.44315901102066063,0,0.35190817908868605,0
va_long_beach_000,va_long_beach,1,va_long_beach,sigmoid,0.9241730089774457,1,0.9657424874404287,1,0.9560798318780204,1,0.9486651094319649,1
va_long_beach_001,va_long_beach,0,va_long_beach,sigmoid,0.6801999846705568,1,0.6661389417971225,1,0.6548714122296191,1,0.6670701128990993,1
va_long_beach_002,va_long_beach,1,va_long_beach,sigmoid,0.9070528922042882,1,0.868333711115856,1,0.8616351198739778,1,0.8790072410647074,1
va_long_beach_003,va_long_beach,1,va_long_beach,sigmoid,0.8944266579838646,1,0.8557712904506735,1,0.8788239804376191,1,0.8763406429573858,1
va_long_beach_004,va_long_beach,0,va_long_beach,sigmoid,0.8609538514419357,1,0.8732220910235513,1,0.8160516019298999,1,0.8500758481317957,1
va_long_beach_005,va_long_beach,0,va_long_beach,sigmoid,0.365651576425401,0,0.26354355390375594,0,0.3651940055077188,0,0.3314630452789586,0
va_long_beach_006,va_long_beach,1,va_long_beach,sigmoid,0.8917103345371187,1,0.8310941804056444,1,0.8756106398133638,1,0.8661383849187091,1
va_long_beach_007,va_long_beach,0,va_long_beach,sigmoid,0.8494842625360178,1,0.7099112676329392,1,0.7876239531545336,1,0.7823398277744968,1
va_long_beach_008,va_long_beach,1,va_long_beach,sigmoid,0.6299829168006273,1,0.5649988037911738,1,0.5929163101759427,1,0.5959660102559147,1
va_long_beach_009,va_long_beach,1,va_long_beach,sigmoid,0.47707888557315004,0,0.3240276315415551,0,0.4193560217166505,0,0.40682084627711856,0
va_long_beach_010,va_long_beach,0,va_long_beach,sigmoid,0.07656424797371575,0,0.16824684064017206,0,0.10444355113961859,0,0.1164182132511688,0
va_long_beach_011,va_long_beach,1,va_long_beach,sigmoid,0.8917300726470023,1,0.9079298172814765,1,0.9263624583383043,1,0.9086741160889277,1
va_long_beach_012,va_long_beach,1,va_long_beach,sigmoid,0.8502532744398623,1,0.7763335916438534,1,0.8050496484854406,1,0.8105455048563854,1
va_long_beach_013,va_long_beach,1,va_long_beach,sigmoid,0.5763054461866934,1,0.5987844036485404,1,0.49698863845403796,0,0.5573594960964239,1
va_long_beach_014,va_long_beach,1,va_long_beach,sigmoid,0.8512632496185836,1,0.7745128173390228,1,0.8056327261337698,1,0.8104695976971253,1
va_long_beach_015,va_long_beach,0,va_long_beach,sigmoid,0.8566841336016742,1,0.8582211493292087,1,0.8590133564877152,1,0.8579728798061993,1
va_long_beach_016,va_long_beach,1,va_long_beach,sigmoid,0.9386619162903138,1,0.956756826190062,1,0.8748199704070879,1,0.9234129042958212,1
va_long_beach_017,va_long_beach,1,va_long_beach,sigmoid,0.9385504199201165,1,0.9109965385405572,1,0.936643453721136,1,0.9287301373939365,1
va_long_beach_018,va_long_beach,0,va_long_beach,sigmoid,0.916895595977579,1,0.8608073688814114,1,0.8657158240785374,1,0.8811395963125093,1
va_long_beach_019,va_long_beach,0,va_long_beach,sigmoid,0.9125834990267426,1,0.9223112307794727,1,0.9376653442552086,1,0.924186691353808,1
va_long_beach_020,va_long_beach,1,va_long_beach,sigmoid,0.7508096201447129,1,0.6992358185281932,1,0.7683386557415924,1,0.7394613648048328,1
va_long_beach_021,va_long_beach,1,va_long_beach,sigmoid,0.9354479436973013,1,0.9586874060380005,1,0.9463246920180669,1,0.9468200139177897,1
va_long_beach_022,va_long_beach,1,va_long_beach,sigmoid,0.6901388654959897,1,0.7000595009462368,1,0.7677530525475308,1,0.7193171396632524,1
va_long_beach_023,va_long_beach,0,va_long_beach,sigmoid,0.6151297538400721,1,0.5345049373873647,1,0.5918119295423581,1,0.580482206923265,1
va_long_beach_024,va_long_beach,1,va_long_beach,sigmoid,0.22300723831964628,0,0.30608546552381755,0,0.3958420196630659,0,0.30831157450217656,0
va_long_beach_025,va_long_beach,1,va_long_beach,sigmoid,0.870767190349269,1,0.8594342722629904,1,0.8958141707212158,1,0.8753385444444918,1
va_long_beach_026,va_long_beach,1,va_long_beach,sigmoid,0.8155789199169791,1,0.7362330496857616,1,0.7516106551136865,1,0.7678075415721425,1
va_long_beach_027,va_long_beach,1,va_long_beach,sigmoid,0.8168577230394825,1,0.7244484512371676,1,0.7373007071577471,1,0.7595356271447992,1
va_long_beach_028,va_long_beach,1,va_long_beach,sigmoid,0.9239426912092551,1,0.9000503001824047,1,0.7716140192059432,1,0.8652023368658677,1
va_long_beach_029,va_long_beach,1,va_long_beach,sigmoid,0.23173233491291206,0,0.3555564294039294,0,0.26020562434027805,0,0.28249812955237313,0
va_long_beach_030,va_long_beach,1,va_long_beach,sigmoid,0.7984821355222418,1,0.8341071639538523,1,0.8299742143717086,1,0.8208545046159342,1
va_long_beach_031,va_long_beach,1,va_long_beach,sigmoid,0.9014511088936021,1,0.9150116822669638,1,0.8533934196436878,1,0.8899520702680846,1
va_long_beach_032,va_long_beach,1,va_long_beach,sigmoid,0.8818042002251337,1,0.9133250997087152,1,0.9259823835047675,1,0.9070372278128721,1
va_long_beach_033,va_long_beach,1,va_long_beach,sigmoid,0.522409002787633,1,0.45603823199263466,0,0.4661853697612628,0,0.48154420151384353,0
va_long_beach_034,va_long_beach,1,va_long_beach,sigmoid,0.8261701591413235,1,0.7430440607757672,1,0.6910381251472972,1,0.7534174483547961,1
va_long_beach_035,va_long_beach,1,va_long_beach,sigmoid,0.8986478538468354,1,0.9090700584236634,1,0.9280055900020839,1,0.911907834090861,1
va_long_beach_036,va_long_beach,1,va_long_beach,sigmoid,0.8711076426285234,1,0.8805721204092067,1,0.8739627941128075,1,0.875214185716846,1
va_long_beach_037,va_long_beach,0,va_long_beach,sigmoid,0.9348726974487048,1,0.908585488309934,1,0.9118986218744325,1,0.9184522692110239,1
va_long_beach_038,va_long_beach,1,va_long_beach,sigmoid,0.7919337079848848,1,0.7847726224663999,1,0.7870142841662784,1,0.7879068715391876,1
va_long_beach_039,va_long_beach,0,va_long_beach,sigmoid,0.9020023334906802,1,0.9066343349269209,1,0.9287332105276617,1,0.9124566263150876,1
va_long_beach_040,va_long_beach,1,va_long_beach,sigmoid,0.7269953449797961,1,0.7433970490263062,1,0.7640897419079375,1,0.7448273786380133,1
va_long_beach_041,va_long_beach,1,va_long_beach,sigmoid,0.7979339267787084,1,0.6364228835648049,1,0.6347396244600612,1,0.6896988116011915,1
va_long_beach_042,va_long_beach,1,va_long_beach,sigmoid,0.9445080296643455,1,0.9623236441155708,1,0.948794188623787,1,0.951875287467901,1
va_long_beach_043,va_long_beach,0,va_long_beach,sigmoid,0.738402073453984,1,0.7395553490258309,1,0.8254696053879826,1,0.7678090092892659,1
va_long_beach_044,va_long_beach,1,va_long_beach,sigmoid,0.8408519183079575,1,0.8042219900202829,1,0.8137904795878427,1,0.8196214626386943,1
va_long_beach_045,va_long_beach,1,va_long_beach,sigmoid,0.9118561755133399,1,0.9451226018351349,1,0.9465760035385238,1,0.9345182602956662,1
va_long_beach_046,va_long_beach,1,va_long_beach,sigmoid,0.9308803550296713,1,0.8898090493456626,1,0.8930751488485494,1,0.9045881844079612,1
va_long_beach_047,va_long_beach,0,va_long_beach,sigmoid,0.7160637955617611,1,0.756117968267332,1,0.7921898180088556,1,0.7547905272793164,1
va_long_beach_048,va_long_beach,1,va_long_beach,sigmoid,0.84174477435268,1,0.7073262819310909,1,0.6618733654865246,1,0.7369814739234318,1
va_long_beach_049,va_long_beach,0,va_long_beach,sigmoid,0.1378957717694196,0,0.12575378764063658,0,0.08201121234635689,0,0.11522025725213769,0
va_long_beach_050,va_long_beach,1,va_long_beach,sigmoid,0.8913399430221313,1,0.8952904718232245,1,0.8896248330072206,1,0.8920850826175255,1
va_long_beach_051,va_long_beach,0,va_long_beach,sigmoid,0.13308056436284443,0,0.15508164915966116,0,0.12237598174937414,0,0.13684606509062658,0
va_long_beach_052,va_long_beach,1,va_long_beach,sigmoid,0.9409448810268616,1,0.9335228183541826,1,0.8579514055871051,1,0.9108063683227164,1
va_long_beach_053,va_long_beach,0,va_long_beach,sigmoid,0.4763414195852575,0,0.3918851775762036,0,0.5352861195200374,1,0.46783757222716615,0
va_long_beach_054,va_long_beach,1,va_long_beach,sigmoid,0.7542916457499149,1,0.7662069191519075,1,0.8085115866550199,1,0.7763367171856141,1
va_long_beach_055,va_long_beach,1,va_long_beach,sigmoid,0.9438445883230229,1,0.9592193126299232,1,0.9564626557518434,1,0.9531755189015966,1
va_long_beach_056,va_long_beach,1,va_long_beach,sigmoid,0.9060291255960525,1,0.8799918831368423,1,0.897472966873376,1,0.8944979918687569,1
va_long_beach_057,va_long_beach,1,va_long_beach,sigmoid,0.49355924432844134,0,0.5206004298242515,1,0.43509778068861343,0,0.4830858182804354,0
va_long_beach_058,va_long_beach,0,va_long_beach,sigmoid,0.20242278138562586,0,0.33390864465114445,0,0.2295441215425294,0,0.25529184919309994,0
va_long_beach_059,va_long_beach,1,va_long_beach,sigmoid,0.9216450257414968,1,0.9183246282739823,1,0.9142197683751176,1,0.9180631407968655,1
va_long_beach_060,va_long_beach,0,va_long_beach,sigmoid,0.840795389143584,1,0.82465329251052,1,0.7938469707498937,1,0.8197652174679991,1
va_long_beach_061,va_long_beach,1,va_long_beach,sigmoid,0.9385993509637929,1,0.9348030866889694,1,0.9112921200469277,1,0.92823151923323,1
va_long_beach_062,va_long_beach,1,va_long_beach,sigmoid,0.9056367594889627,1,0.9132435275315276,1,0.9370410870008564,1,0.9186404580071156,1
va_long_beach_063,va_long_beach,1,va_long_beach,sigmoid,0.916567016719674,1,0.8984095270293517,1,0.907221386308062,1,0.9073993100190293,1
va_long_beach_064,va_long_beach,1,va_long_beach,sigmoid,0.8666400391138425,1,0.7630787115763991,1,0.7608592605346325,1,0.796859337074958,1
va_long_beach_065,va_long_beach,1,va_long_beach,sigmoid,0.6802592588630623,1,0.6669891083032484,1,0.6266205756465363,1,0.6579563142709489,1
va_long_beach_066,va_long_beach,1,va_long_beach,sigmoid,0.5964952592078301,1,0.7190324223074729,1,0.6620990211224365,1,0.6592089008792464,1
va_long_beach_067,va_long_beach,1,va_long_beach,sigmoid,0.9388917615628877,1,0.9534378081442239,1,0.9340396952423378,1,0.9421230883164831,1
va_long_beach_068,va_long_beach,1,va_long_beach,sigmoid,0.8751590425312943,1,0.9082125724499512,1,0.9108066415966176,1,0.8980594188592876,1
va_long_beach_069,va_long_beach,1,va_long_beach,sigmoid,0.4511509432273071,0,0.4411747253150228,0,0.4027650172815468,0,0.43169689527462557,0
va_long_beach_070,va_long_beach,0,va_long_beach,sigmoid,0.2116648234856946,0,0.18195330234633347,0,0.2802653675251915,0,0.22462783111907317,0
va_long_beach_071,va_long_beach,1,va_long_beach,sigmoid,0.9001111139841139,1,0.8871257477674259,1,0.9140372583065208,1,0.9004247066860204,1
va_long_beach_072,va_long_beach,0,va_long_beach,sigmoid,0.3713991403733297,0,0.5191728889196433,1,0.43181729016786924,0,0.44079643982028077,0
va_long_beach_073,va_long_beach,1,va_long_beach,sigmoid,0.9260709145371884,1,0.9296180555843904,1,0.9489974632167039,1,0.9348954777794276,1
va_long_beach_074,va_long_beach,1,va_long_beach,sigmoid,0.7462158683464729,1,0.7619663648614469,1,0.7025985394678749,1,0.7369269242252648,1
va_long_beach_075,va_long_beach,1,va_long_beach,sigmoid,0.8224103330605782,1,0.8610536342304258,1,0.8140385254261557,1,0.8325008309057198,1
va_long_beach_076,va_long_beach,1,va_long_beach,sigmoid,0.8529000672789413,1,0.7772037216142899,1,0.8027564865542253,1,0.8109534251491523,1
va_long_beach_077,va_long_beach,1,va_long_beach,sigmoid,0.30403216360078034,0,0.37174263910380445,0,0.3460692353250615,0,0.34061467934321543,0
va_long_beach_078,va_long_beach,1,va_long_beach,sigmoid,0.9388089804491967,1,0.9519459909760413,1,0.9468535988330306,1,0.9458695234194229,1
va_long_beach_079,va_long_beach,1,va_long_beach,sigmoid,0.9132573391130704,1,0.8679443140208665,1,0.8766483879552756,1,0.8859500136964042,1
va_long_beach_080,va_long_beach,0,va_long_beach,sigmoid,0.8234619748361378,1,0.9341670448037277,1,0.8224065187529691,1,0.8600118461309448,1
va_long_beach_081,va_long_beach,1,va_long_beach,sigmoid,0.8970527724451431,1,0.9145859690222661,1,0.9194979210759993,1,0.9103788875144695,1
va_long_beach_082,va_long_beach,1,va_long_beach,sigmoid,0.838903376704908,1,0.8574615320645312,1,0.8433435037844358,1,0.8465694708512917,1
va_long_beach_083,va_long_beach,1,va_long_beach,sigmoid,0.9098989384138353,1,0.9109620203202964,1,0.9341812695212235,1,0.9183474094184518,1
va_long_beach_084,va_long_beach,1,va_long_beach,sigmoid,0.9250528049692897,1,0.9545738421170405,1,0.9374269767755731,1,0.9390178746206345,1
va_long_beach_085,va_long_beach,1,va_long_beach,sigmoid,0.9363000691480637,1,0.9351539381369488,1,0.9503505477638056,1,0.940601518349606,1
va_long_beach_086,va_long_beach,1,va_long_beach,sigmoid,0.895941424110832,1,0.9110970182112759,1,0.9275916113089681,1,0.9115433512103586,1
va_long_beach_087,va_long_beach,0,va_long_beach,sigmoid,0.7791025347996239,1,0.7174296454474823,1,0.7272981552116461,1,0.7412767784862507,1
va_long_beach_088,va_long_beach,1,va_long_beach,sigmoid,0.9239233677773093,1,0.9363410190753291,1,0.9037879605259175,1,0.9213507824595185,1
va_long_beach_089,va_long_beach,1,va_long_beach,sigmoid,0.30370820372256035,0,0.38569406608479373,0,0.29448333264521254,0,0.3279618674841889,0
va_long_beach_090,va_long_beach,1,va_long_beach,sigmoid,0.9329637646187694,1,0.9702039979493021,1,0.9369909090987146,1,0.9467195572222621,1
va_long_beach_091,va_long_beach,0,va_long_beach,sigmoid,0.8426760947456172,1,0.7908818024826807,1,0.8239130246830696,1,0.8191569739704558,1
va_long_beach_092,va_long_beach,1,va_long_beach,sigmoid,0.7492663709870447,1,0.6842546198488431,1,0.720815997074114,1,0.7181123293033339,1
va_long_beach_093,va_long_beach,1,va_long_beach,sigmoid,0.6899711307620933,1,0.7303967828611474,1,0.7735649897028353,1,0.7313109677753586,1
va_long_beach_094,va_long_beach,0,va_long_beach,sigmoid,0.8030601089981518,1,0.859668020108254,1,0.8289494149104512,1,0.8305591813389523,1
va_long_beach_095,va_long_beach,1,va_long_beach,sigmoid,0.9405708491202495,1,0.9451161440096291,1,0.9302641446203666,1,0.9386503792500817,1
va_long_beach_096,va_long_beach,0,va_long_beach,sigmoid,0.10291670705752401,0,0.14099478715406663,0,0.13927639769631722,0,0.12772929730263596,0
va_long_beach_097,va_long_beach,1,va_long_beach,sigmoid,0.7238853751593913,1,0.6937580326515951,1,0.7123248795403356,1,0.7099894291171074,1
va_long_beach_098,va_long_beach,1,va_long_beach,sigmoid,0.5384467258651853,1,0.5998811384173673,1,0.6544116911499026,1,0.5975798518108184,1
va_long_beach_099,va_long_beach,0,va_long_beach,sigmoid,0.6182107689511879,1,0.5910305699613474,1,0.6954052841301385,1,0.6348822076808913,1
va_long_beach_100,va_long_beach,1,va_long_beach,sigmoid,0.22659612226298848,0,0.3373947988519336,0,0.31002940830022097,0,0.2913401098050477,0
va_long_beach_101,va_long_beach,1,va_long_beach,sigmoid,0.9330162556073361,1,0.9273798618751625,1,0.9307075805572561,1,0.9303678993465848,1
va_long_beach_102,va_long_beach,1,va_long_beach,sigmoid,0.7716309450850692,1,0.6890895465342266,1,0.6337862097222391,1,0.6981689004471784,1
va_long_beach_103,va_long_beach,1,va_long_beach,sigmoid,0.8900065101104312,1,0.8825481582373351,1,0.907356833986557,1,0.8933038341114411,1
va_long_beach_104,va_long_beach,0,va_long_beach,sigmoid,0.7974625454996325,1,0.7996246738412112,1,0.8601428626250899,1,0.8190766939886446,1
va_long_beach_105,va_long_beach,1,va_long_beach,sigmoid,0.9045832500541285,1,0.9614883866550723,1,0.9375513583738107,1,0.9345409983610038,1
va_long_beach_106,va_long_beach,1,va_long_beach,sigmoid,0.9351175057486001,1,0.921010670867368,1,0.8988099375526591,1,0.9183127047228757,1
va_long_beach_107,va_long_beach,1,va_long_beach,sigmoid,0.926897460296345,1,0.9121686652737899,1,0.9317550845120703,1,0.9236070700274018,1
va_long_beach_108,va_long_beach,0,va_long_beach,sigmoid,0.6060250584423423,1,0.5717642952158893,1,0.4995634673608843,0,0.559117607006372,1
va_long_beach_109,va_long_beach,0,va_long_beach,sigmoid,0.25272704329808493,0,0.22125408394581378,0,0.19090799420675666,0,0.22162970715021846,0
va_long_beach_110,va_long_beach,1,va_long_beach,sigmoid,0.8535702097930251,1,0.9156774839127412,1,0.8824513806887493,1,0.8838996914648384,1
va_long_beach_111,va_long_beach,0,va_long_beach,sigmoid,0.18737516113241898,0,0.35319134331882285,0,0.2518618624806266,0,0.26414278897728943,0
va_long_beach_112,va_long_beach,1,va_long_beach,sigmoid,0.21474412979794638,0,0.1834045711076538,0,0.14073456801828282,0,0.179627756307961,0
va_long_beach_113,va_long_beach,1,va_long_beach,sigmoid,0.8740778579759466,1,0.917126732207431,1,0.8884602056954648,1,0.8932215986262809,1
va_long_beach_114,va_long_beach,1,va_long_beach,sigmoid,0.7714401437203279,1,0.8140086107407937,1,0.7955420496020035,1,0.7936636013543751,1
va_long_beach_115,va_long_beach,1,va_long_beach,sigmoid,0.861552387036507,1,0.863044723398026,1,0.8542455908936366,1,0.8596142337760565,1
va_long_beach_116,va_long_beach,1,va_long_beach,sigmoid,0.7872757108406379,1,0.8141280850583884,1,0.8161843942585305,1,0.8058627300525188,1
va_long_beach_117,va_long_beach,1,va_long_beach,sigmoid,0.8890645896289481,1,0.9147545204845562,1,0.9368426616196797,1,0.9135539239110614,1
va_long_beach_118,va_long_beach,1,va_long_beach,sigmoid,0.9402078368732294,1,0.905150426100584,1,0.9109893009744819,1,0.9187825213160985,1
va_long_beach_119,va_long_beach,1,va_long_beach,sigmoid,0.7653377927293084,1,0.8532381332159206,1,0.8262274468234843,1,0.8149344575895711,1
va_long_beach_120,va_long_beach,1,va_long_beach,sigmoid,0.5468108750158402,1,0.4724948354750251,0,0.4187114866244871,0,0.4793390657051175,0
va_long_beach_121,va_long_beach,1,va_long_beach,sigmoid,0.9303220268510959,1,0.9550335189384231,1,0.890373591062836,1,0.9252430456174516,1
va_long_beach_122,va_long_beach,1,va_long_beach,sigmoid,0.9085550733055408,1,0.9174408806263585,1,0.9346159632459775,1,0.9202039723926255,1
va_long_beach_123,va_long_beach,0,va_long_beach,sigmoid,0.6270918599568904,1,0.7370337428261878,1,0.7631482955960205,1,0.7090912994596996,1
va_long_beach_124,va_long_beach,1,va_long_beach,sigmoid,0.29768198026433723,0,0.402924534099216,0,0.3404169307595989,0,0.3470078150410507,0
va_long_beach_125,va_long_beach,1,va_long_beach,sigmoid,0.6207198252830304,1,0.7745716318345626,1,0.6898251010045079,1,0.6950388527073669,1
va_long_beach_126,va_long_beach,1,va_long_beach,sigmoid,0.8512380993304106,1,0.7905138969118103,1,0.7822746258524107,1,0.8080088740315438,1
va_long_beach_127,va_long_beach,1,va_long_beach,sigmoid,0.9307986357989616,1,0.9448079463354716,1,0.8700538694224793,1,0.9152201505189709,1
va_long_beach_128,va_long_beach,0,va_long_beach,sigmoid,0.6924078806898968,1,0.5734960275899695,1,0.5696230587744224,1,0.6118423223514295,1
va_long_beach_129,va_long_beach,0,va_long_beach,sigmoid,0.7779770678793281,1,0.8122602686162358,1,0.8054938860054148,1,0.798577074166993,1
va_long_beach_130,va_long_beach,1,va_long_beach,sigmoid,0.2306179048358667,0,0.2527315997600241,0,0.22294095141219797,0,0.23543015200269624,0
va_long_beach_131,va_long_beach,1,va_long_beach,sigmoid,0.8403731612715658,1,0.73258565765621,1,0.6262181788677098,1,0.7330589992651618,1
va_long_beach_132,va_long_beach,1,va_long_beach,sigmoid,0.7449757282915546,1,0.7233771026586255,1,0.8203765564751023,1,0.7629097958084275,1
va_long_beach_133,va_long_beach,0,va_long_beach,sigmoid,0.760990351337819,1,0.6141011092527925,1,0.5632120301842538,1,0.6461011635916217,1
va_long_beach_134,va_long_beach,1,va_long_beach,sigmoid,0.9269406347848183,1,0.9388217800198054,1,0.9123136916481924,1,0.9260253688176053,1
va_long_beach_135,va_long_beach,0,va_long_beach,sigmoid,0.7240049636893303,1,0.5639836347031144,1,0.6068542777550092,1,0.6316142920491513,1
va_long_beach_136,va_long_beach,1,va_long_beach,sigmoid,0.5084182374677728,1,0.45690753496753767,0,0.49543656528389723,0,0.48692077923973587,0
va_long_beach_137,va_long_beach,1,va_long_beach,sigmoid,0.769523632688154,1,0.7482762412045133,1,0.6564186034035575,1,0.7247394924320748,1
va_long_beach_138,va_long_beach,0,va_long_beach,sigmoid,0.2325003419227527,0,0.3225943935633028,0,0.2754743106446501,0,0.2768563487102352,0
va_long_beach_139,va_long_beach,1,va_long_beach,sigmoid,0.7325261275424653,1,0.6223730498509832,1,0.6865214761604574,1,0.6804735511846353,1
va_long_beach_140,va_long_beach,0,va_long_beach,sigmoid,0.9487109083953722,1,0.972189067825086,1,0.9203526923916941,1,0.9470842228707174,1
va_long_beach_141,va_long_beach,1,va_long_beach,sigmoid,0.23327042300683218,0,0.3557524676808209,0,0.26940303131993526,0,0.28614197400252944,0
va_long_beach_142,va_long_beach,1,va_long_beach,sigmoid,0.27881800931851153,0,0.39127297241070613,0,0.30850812412592415,0,0.32619970195171394,0
va_long_beach_143,va_long_beach,1,va_long_beach,sigmoid,0.9390359481969262,1,0.9780584771536432,1,0.9377945260050703,1,0.95162965045188,1
va_long_beach_144,va_long_beach,0,va_long_beach,sigmoid,0.1924091928555412,0,0.31949577007396385,0,0.22387267946817507,0,0.24525921413256002,0
va_long_beach_145,va_long_beach,0,va_long_beach,sigmoid,0.13889452680112402,0,0.287537217659093,0,0.1461700236682392,0,0.19086725604281873,0
va_long_beach_146,va_long_beach,0,va_long_beach,sigmoid,0.936345156685047,1,0.8999358830122419,1,0.9366039936210573,1,0.9242950111061154,1
va_long_beach_147,va_long_beach,1,va_long_beach,sigmoid,0.8048286931427269,1,0.7318285883577074,1,0.7255446916262912,1,0.7540673243755752,1
va_long_beach_148,va_long_beach,1,va_long_beach,sigmoid,0.9042047379953384,1,0.8238428517367303,1,0.8521241284034673,1,0.860057239378512,1
va_long_beach_149,va_long_beach,1,va_long_beach,sigmoid,0.8652223716137317,1,0.8896664425915702,1,0.8798621831109024,1,0.8782503324387347,1
va_long_beach_150,va_long_beach,0,va_long_beach,sigmoid,0.9293226666493066,1,0.8506208545809374,1,0.8161739727423691,1,0.8653724979908711,1
va_long_beach_151,va_long_beach,1,va_long_beach,sigmoid,0.8815875636666453,1,0.8769140940678788,1,0.9103243395970427,1,0.8896086657771889,1
va_long_beach_152,va_long_beach,1,va_long_beach,sigmoid,0.9213299796617406,1,0.90332742869269,1,0.9139608397160174,1,0.912872749356816,1
va_long_beach_153,va_long_beach,1,va_long_beach,sigmoid,0.941897628143481,1,0.9472569119739631,1,0.941847518038534,1,0.9436673527186593,1
va_long_beach_154,va_long_beach,1,va_long_beach,sigmoid,0.9036466598244708,1,0.9182149221464968,1,0.8919502022487455,1,0.9046039280732376,1
va_long_beach_155,va_long_beach,1,va_long_beach,sigmoid,0.9007241768490006,1,0.8818234081597038,1,0.8880020993115455,1,0.89018322810675,1
va_long_beach_156,va_long_beach,1,va_long_beach,sigmoid,0.83422497266712,1,0.8324721238445394,1,0.8538769007875023,1,0.8401913324330539,1
va_long_beach_157,va_long_beach,1,va_long_beach,sigmoid,0.8515650252711637,1,0.8669928640085871,1,0.8204927721581055,1,0.8463502204792853,1
va_long_beach_158,va_long_beach,1,va_long_beach,sigmoid,0.8963297969888169,1,0.8376208187724339,1,0.822206705128073,1,0.8520524402964412,1
va_long_beach_159,va_long_beach,1,va_long_beach,sigmoid,0.8731106220607504,1,0.8254904484785424,1,0.8521193317473591,1,0.8502401340955505,1
va_long_beach_160,va_long_beach,1,va_long_beach,sigmoid,0.92188619852946,1,0.944867666435651,1,0.9299729118851776,1,0.9322422589500962,1
va_long_beach_161,va_long_beach,1,va_long_beach,sigmoid,0.8558420672630074,1,0.9448808581437124,1,0.9132434810341706,1,0.9046554688136301,1
va_long_beach_162,va_long_beach,1,va_long_beach,sigmoid,0.9290160939283005,1,0.9124567842575682,1,0.840620376472138,1,0.8940310848860022,1
va_long_beach_163,va_long_beach,1,va_long_beach,sigmoid,0.8843178316267538,1,0.8791715805663982,1,0.8679656647237841,1,0.8771516923056453,1
va_long_beach_164,va_long_beach,1,va_long_beach,sigmoid,0.9434390292250111,1,0.8996868686290451,1,0.9072577911949498,1,0.9167945630163352,1
va_long_beach_165,va_long_beach,1,va_long_beach,sigmoid,0.8489776948368026,1,0.7784546079227083,1,0.7539046880745872,1,0.7937789969446994,1
va_long_beach_166,va_long_beach,1,va_long_beach,sigmoid,0.9151824879891667,1,0.9557277350067738,1,0.9305426468832458,1,0.9338176232930621,1
va_long_beach_167,va_long_beach,0,va_long_beach,sigmoid,0.6294773501659723,1,0.6763865346914855,1,0.601236245541549,1,0.6357000434663356,1
va_long_beach_168,va_long_beach,1,va_long_beach,sigmoid,0.8789998944799071,1,0.8282162589981079,1,0.8323134684872606,1,0.8465098739884253,1
va_long_beach_169,va_long_beach,1,va_long_beach,sigmoid,0.5511022380449984,1,0.5105545571263848,1,0.5636951854593697,1,0.5417839935435843,1
va_long_beach_170,va_long_beach,1,va_long_beach,sigmoid,0.9459616271653777,1,0.94553042931582,1,0.9558694737801876,1,0.9491205100871284,1
va_long_beach_171,va_long_beach,0,va_long_beach,sigmoid,0.12573258319519445,0,0.20334350014538866,0,0.14826189942153384,0,0.15911266092070567,0
va_long_beach_172,va_long_beach,1,va_long_beach,sigmoid,0.9408006943928233,1,0.9624386058600111,1,0.9527547578648932,1,0.9519980193725758,1
va_long_beach_173,va_long_beach,1,va_long_beach,sigmoid,0.5707654479021755,1,0.5574742615631268,1,0.5413849938209134,1,0.5565415677620719,1
va_long_beach_174,va_long_beach,0,va_long_beach,sigmoid,0.2507383427274453,0,0.3566079140317539,0,0.23378538189539996,0,0.2803772128848664,0
va_long_beach_175,va_long_beach,0,va_long_beach,sigmoid,0.825270959576873,1,0.7801011047582131,1,0.8417451575306399,1,0.8157057406219087,1
va_long_beach_176,va_long_beach,1,va_long_beach,sigmoid,0.937253406326265,1,0.9373437208144713,1,0.8723592729240528,1,0.9156521333549298,1
va_long_beach_177,va_long_beach,1,va_long_beach,sigmoid,0.676889490664763,1,0.6565597133721937,1,0.7503626604523307,1,0.6946039548297623,1
va_long_beach_178,va_long_beach,1,va_long_beach,sigmoid,0.9388995267502684,1,0.9199166671241701,1,0.8903203875377808,1,0.9163788604707398,1
va_long_beach_179,va_long_beach,1,va_long_beach,sigmoid,0.8228885676442609,1,0.787198481031518,1,0.8004770986464613,1,0.8035213824407469,1
va_long_beach_180,va_long_beach,1,va_long_beach,sigmoid,0.6870870683007204,1,0.7831949331019636,1,0.815004643355973,1,0.7617622149195524,1
va_long_beach_181,va_long_beach,0,va_long_beach,sigmoid,0.24310591769902637,0,0.3801554978031141,0,0.2828363590703324,0,0.30203259152415757,0
va_long_beach_182,va_long_beach,1,va_long_beach,sigmoid,0.9441166436077355,1,0.9302614213566589,1,0.9166089980330101,1,0.9303290209991348,1
va_long_beach_183,va_long_beach,1,va_long_beach,sigmoid,0.9026730666247715,1,0.9262303793611757,1,0.9103087728273197,1,0.9130707396044223,1
va_long_beach_184,va_long_beach,0,va_long_beach,sigmoid,0.8954292997202101,1,0.9191890609986537,1,0.9155663422364544,1,0.9100615676517728,1
va_long_beach_185,va_long_beach,1,va_long_beach,sigmoid,0.5109905591415157,1,0.4180729836564316,0,0.4268923714079782,0,0.45198530473530846,0
va_long_beach_186,va_long_beach,1,va_long_beach,sigmoid,0.6444292424481047,1,0.7415205255401232,1,0.7368044874474378,1,0.7075847518118885,1
va_long_beach_187,va_long_beach,1,va_long_beach,sigmoid,0.7325261275424653,1,0.6223730498509832,1,0.6865214761604574,1,0.6804735511846353,1
va_long_beach_188,va_long_beach,1,va_long_beach,sigmoid,0.9425990968344099,1,0.9461624292811303,1,0.90561495471913,1,0.93145882694489,1
va_long_beach_189,va_long_beach,0,va_long_beach,sigmoid,0.44854953099407363,0,0.3677203694969201,0,0.439293216246696,0,0.41852103891256326,0
va_long_beach_190,va_long_beach,0,va_long_beach,sigmoid,0.30726152373020676,0,0.5752869161364382,1,0.4870179111117622,0,0.4565221169928024,0
va_long_beach_191,va_long_beach,1,va_long_beach,sigmoid,0.9351175057486001,1,0.9477359583112733,1,0.932798970474817,1,0.9385508115115635,1
va_long_beach_192,va_long_beach,1,va_long_beach,sigmoid,0.8811790638290782,1,0.8714379575490268,1,0.8751967038353771,1,0.8759379084044939,1
va_long_beach_193,va_long_beach,1,va_long_beach,sigmoid,0.7888653279966201,1,0.7686483871911776,1,0.7942268684458227,1,0.7839135278778734,1
va_long_beach_194,va_long_beach,1,va_long_beach,sigmoid,0.3007162403969664,0,0.5904515763749133,1,0.4912424314476735,0,0.4608034160731844,0
va_long_beach_195,va_long_beach,1,va_long_beach,sigmoid,0.4961089886993729,0,0.5889594771949755,1,0.6227597782516325,1,0.5692760813819937,1
va_long_beach_196,va_long_beach,0,va_long_beach,sigmoid,0.5704652985138106,1,0.46043526974251153,0,0.3559620290208275,0,0.4622875324257166,0
va_long_beach_197,va_long_beach,1,va_long_beach,sigmoid,0.7099819259494757,1,0.7212226018710794,1,0.7822375188808735,1,0.7378140155671429,1
va_long_beach_198,va_long_beach,0,va_long_beach,sigmoid,0.9257813799047565,1,0.9260117473691182,1,0.8676150364959045,1,0.9064693879232598,1
va_long_beach_199,va_long_beach,1,va_long_beach,sigmoid,0.433032834059622,0,0.5024278293343823,1,0.616067370270551,1,0.5171760112215185,1
